hostgene_NCBI_ID,hostgene_Name,hostgene_strand,pre_mRNA_length,mature_host_mRNA_Length,miR_name,miR_strand,gene_type,pre-miRNA_sequences
XM_047427799.1,COP1,-,209014.0,19460,hsa-mir-1843,-,protein-coding gene,GCAGCGAUCCUACAUAAAUAUAUGGAGGUCUCUGUCUGGCUUAGGACAGCUGGCUAAGUCUGAUCGUUCCCCUCCGUACAGCCUUUAAAACUGCCACUCUAAAUACUUGG
NR_132742.1,MIR34AHG,-,34328.0,4157,hsa-mir-34a,-,non-coding gene,GGCCAGCUGUGAGUGUUUCUUUGGCAGUGUCUUAGCUGGUUGUUGUGAGCAAUAGUAAGGAAGCAAUCAGCAAGUAUACUGCCCUAGAAGUGCUGCACGUUGUGGGGCCC
NR_046105.1,MIR137HG,-,61694.0,2469,hsa-mir-137,-,non-coding gene,GGUCCUCUGACUCUCUUCGGUGACGGGUAUUCUUGGGUGGAUAAUACGGAUUACGUUGUUAUUGCUUAAGAAUACGCGUAGUCGAGGAGAGUACCAGCGGCA
XM_047437906.1,LOC124904228,-,4590.0,4590,hsa-mir-2682,-,protein-coding gene,ACCUUCCUGAAAGAGGUUGGGGCAGGCAGUGACUGUUCAGACGUCCAAUCUCUUUGGGACGCCUCUUCAGCGCUGUCUUCCCUGCCUCUGCCUUUAGGACGAGUCUCAAA
NM_006496.4,GNAI3,+,51581.0,9044,hsa-mir-197,+,protein-coding gene,GGCUGUGCCGGGUAGAGAGGGCAGUGGGAGGUAAGAGCUCUUCACCCUUCACCACCUUCUCCACCCAGCAUGGCC
XM_047443026.1,LYST,-,197875.0,20517,hsa-mir-1537,-,protein-coding gene,ACAGCUGUAAUUAGUCAGUUUUCUGUCCUGUCCACACAGAAAACCGUCUAGUUACAGUUGU
XR_007065314.1,MIR1302-2HG,+,5645.0,2263,hsa-mir-1302-2,+,non-coding gene,GGAUGCCCAGCUAGUUUGAAUUUUAGAUAAACAACGAAUAAUUUCGUAGCAUAAAUAUGUCCCAAGCUUAGUUUGGGACAUACUUAUGCUAAAAAACAUUAUUGGUUGUUUAUCUGAGAUUCAGAAUUAAGCAUUUUA
XR_007065348.1,LOC124903818,+,7462.0,7086,hsa-mir-200b,+,non-coding gene,CCAGCUCGGGCAGCCGUGGCCAUCUUACUGGGCAGCAUUGGAUGGAGUCAGGUCUCUAAUACUGCCUGGUAAUGAUGACGGCGGAGCCCUGCACG
XR_007065348.1,LOC124903818,+,7462.0,7086,hsa-mir-200a,+,non-coding gene,CCGGGCCCCUGUGAGCAUCUUACCGGACAGUGCUGGAUUUCCCAGCUUGACUCUAACACUGUCUGGUAACGAUGUUCAAAGGUGACCCGC
XR_007065348.1,LOC124903818,+,7462.0,7086,hsa-mir-429,+,non-coding gene,CGCCGGCCGAUGGGCGUCUUACCAGACAUGGUUAGACCUGGCCCUCUGUCUAAUACUGUCUGGUAAAACCGUCCAUCCGCUGC
NM_032409.3,PINK1,+,18054.0,2657,hsa-mir-6084,+,protein-coding gene,AGCGUCCAGGCUGGGCCGCAGGACCGGGCGCGGAGCCUCGCAGGGUCGGGCUCGGGCUCCCUAACCGUCUCCGCUUCUUCCGCCAGUCGGUGGCCGGGCUGGCGGCGCGG
XM_047426188.1,ADGRB2,-,33463.0,8483,hsa-mir-4254,-,protein-coding gene,CUUGGGAGGAGGGUGGGGUGGCUCCUCUGCAGUGAGUAGGUCUGCCUGGAGCUACUCCACCAUCUCCCCCAGCCCC
XR_007066234.1,LOC124904223,+,12492.0,5367,hsa-mir-12133,+,non-coding gene,GAAGUGUACUUUUUAAUGGUGCCAAACAGCAGUUGAUCUAUAAUAACUGCUGCUUGGCACCAUUAAAAAGUACAUAUC
XM_047422823.1,ADAMTSL4,+,11530.0,5875,hsa-mir-4257,+,protein-coding gene,GGCUUAGAAACAGUCCCUAGGUAGGAUUUGGGGAGGAGCUAAGAAGCCCCUACAGGGCCCAGAGGUGGGGACUGAGCCUUAGUUGG
NR_183235.1,THBS3-AS1,+,10493.0,1477,hsa-mir-92b,+,non-coding gene,CGGGCCCCGGGCGGGCGGGAGGGACGGGACGCGGUGCAGUGUUGUUUUUUCCCCCGCCAAUAUUGCACUCGUCCCGGCCUCCGGCCCCCCCGGCCC
NM_012474.5,UCK2,+,84005.0,4801,hsa-mir-3658,+,protein-coding gene,UAUUUAAGAAAACACCAUGGAGAUGAAAUGCCUUUGAUUUUUUUUUUCUUUUUGUA
NR_038397.2,DNM3OS,-,7957.0,7957,hsa-mir-214,-,non-coding gene,GGCCUGGCUGGACAGAGUUGUCAUGUGUCUGCCUGUCUACACUUGCUGUGCAGAACAUCCGCUCACCUGUACAGCAGGCACAGACAGGCAGUCACAUGACAACCCAGCCU
NR_038397.2,DNM3OS,-,7957.0,7957,hsa-mir-199a-2,-,non-coding gene,AGGAAGCUUCUGGAGAUCCUGCUCCGUCGCCCCAGUGUUCAGACUACCUGUUCAGGACAAUGCCGUUGUACAGUAGUCUGCACAUUGGUUAGACUGGGCAAGGGAGAGCA
NR_135299.1,MIR29B2CHG,-,21186.0,2251,hsa-mir-29c,-,non-coding gene,AUCUCUUACACAGGCUGACCGAUUUCUCCUGGUGUUCAGAGUCUGUUUUUGUCUAGCACCAUUUGAAAUCGGUUAUGAUGUAGGGGGA
NR_135299.1,MIR29B2CHG,-,21186.0,2251,hsa-mir-29b-2,-,non-coding gene,CUUCUGGAAGCUGGUUUCACAUGGUGGCUUAGAUUUUUCCAUCUUUGUAUCUAGCACCAUUUGAAAUCAGUGUUUUAGGAG
NM_198552.3,FAM89A,-,21297.0,1503,hsa-mir-1182,-,protein-coding gene,GGGACUUGUCACUGCCUGUCUCCUCCCUCUCCAGCAGCGACUGGAUUCUGGAGUCCAUCUAGAGGGUCUUGGGAGGGAUGUGACUGUUGGGAAGCCC
NM_152523.3,CCNYL1,+,44535.0,3561,hsa-mir-4775,+,protein-coding gene,AUUAAGCUUUUAAUUUUUUGUUUCGGUCACUCUUGAUAGCAGACAUUGACUGAAACAAAAAAUUAAAAGCUUUAU
NR_026832.1,SILC1,+,47532.0,11868,hsa-mir-7158,+,non-coding gene,GGCUCAAUCUCUGGUCCUGCAGCCUUCUGCCUUUGGCUUUCUGAAGCGAGCUGAACUAGAGAUUGGGCCCA
XR_007087204.1,LOC124907875,-,5839.0,2460,hsa-mir-1302-3,-,non-coding gene,GGAUGCCCAGCUAGUUUGAAUUUUAGAUAAACAACGAAUAAUUUCGUAGCAUAAAUAUUUCCCAAGCUUAGUUUGGGACAUACUUAUGCUAAAAAACAUUAUUGGUUGUUUAUCUGAGAUUCAAAAUUAAGCAUUUUA
XR_007087245.1,LOC124907893,+,8010.0,6807,hsa-mir-128-1,+,non-coding gene,UGAGCUGUUGGAUUCGGGGCCGUAGCACUGUCUGAGAGGUUUACAUUUCUCACAGUGAACCGGUCUCUUUUUCAGCUGCUUC
NM_024501.3,HOXD1,+,2240.0,1886,hsa-mir-7704,+,protein-coding gene,CGGGGUCGGCGGCGACGUGCUCAGCUUGGCACCCAAGUUCUGCCGCUCCGACGCCCGGC
XM_011510857.3,OBSL1,-,24334.0,8306,hsa-mir-3132,-,protein-coding gene,GGUGGGAUGGGUAGAGAAGGAGCUCAGAGGACGGUGCGCCUUGUUUCCCUUGAGCCCUCCCUCUCUCAUCCCACC
NM_002823.5,PTMA,+,5027.0,1215,hsa-mir-1244-1,+,protein-coding gene,AUCUUAUUCCGAGCAUUCCAGUAACUUUUUUGUGUAUGUACUUAGCUGUACUAUAAGUAGUUGGUUUGUAUGAGAUGGUUAAAAA
XM_047443961.1,GPC1,+,13245.0,4703,hsa-mir-149,+,protein-coding gene,GCCGGCGCCCGAGCUCUGGCUCCGUGUCUUCACUCCCGUGCUUGUCCGAGGAGGGAGGGAGGGACGGGGGCUGUGCUGGGGCAGCUGGA
XR_007096256.1,LOC124909489,+,123033.0,8664,hsa-mir-138-1,+,non-coding gene,CCCUGGCAUGGUGUGGUGGGGCAGCUGGUGUUGUGAAUCAGGCCGUUGCCAAUCAGAGAACGGCUACUUCACAACACCAGGGCCACACCACACUACAGG
XM_047447599.1,DOCK3,+,709272.0,9018,hsa-mir-4787,+,protein-coding gene,CGGUCCAGACGUGGCGGGGGUGGCGGCGGCAUCCCGGACGGCCUGUGAGGGAUGCGCCGCCCACUGCCCCGCGCCGCCUGACCG
XM_047447799.1,PLCL2,+,191619.0,41744,hsa-mir-3714,+,protein-coding gene,GAAGGCAGCAGUGCUCCCCUGUGACGUGCUCCAUCACCGGGCAGGGAAGACACCGCUGCCACCUC
NM_001040454.1,SLC26A6,-,8124.0,2731,hsa-mir-6824,-,protein-coding gene,GAGGUGUAGGGGAGGUUGGGCCAGGGAUGCCUUCACUGUGUCUCUCUGGUCUUGCCACCCCAG
NM_001164347.2,ZBTB20,-,309707.0,26952,hsa-mir-568,-,protein-coding gene,GAUAUACACUAUAUUAUGUAUAAAUGUAUACACACUUCCUAUAUGUAUCCACAUAUAUAUAGUGUAUAUAUUAUACAUGUAUAGGUGUGUAUAUG
NM_014760.4,TATDN2,+,32760.0,4937,hsa-mir-12127,+,protein-coding gene,UCAAGUCCUGAGCUCUGCUCUGCCGCCUGCUGGUGCCUUGUAAAGGUAUACUCGUUACAGGCCCUAGAGGUUCUAAUGGUCCAGGGUUAAGUGAGAGGAGAC
NR_110697.1,SEMA3B,+,4053.0,1728,hsa-mir-6872,+,non-coding gene,GUGGGUCUCGCAUCAGGAGGCAAGGCCAGGACCCGCUGACCCAUGCCUCCUGCCGCGGUCAG
NM_007085.5,FSTL1,-,58700.0,5682,hsa-mir-198,-,protein-coding gene,UCAUUGGUCCAGAGGGGAGAUAGGUUCCUGUGAUUUUUCCUUCUUCUCUAUAGAAUAAAUGA
XM_006713827.4,RUBCN,-,68038.0,9375,hsa-mir-922,-,protein-coding gene,AUGGCGUUUUCCCUCUCCCUGUCCUGGACUGGGGUCAGACUGUGCCCCGAGGAGAAGCAGCAGAGAAUAGGACUACGUCAU
NM_006454.3,MXD4,-,14678.0,3871,hsa-mir-4800,-,protein-coding gene,GGAGAAAGGAGUGGACCGAGGAAGGAAGGAAGGCAAGGCUGUCUGUCCAUCCGUCCGUCUGUCCACCUACCUGUCAGUCC
XR_007058169.1,LOC124900728,+,2655.0,2550,hsa-mir-4451,+,non-coding gene,UCUGUACCUCAGCUUUGCUCCCAACCAACCACUUCCACAUGUUUUGCUGGUAGAGCUGAGGACAGC
NR_033797.2,MIR4453HG,+,3000.0,3000,hsa-mir-4453,+,non-coding gene,UGGAGAGCUUGGUCUGUAGCGGUUUCCUUCGGGGCAGGUGGGGACUGCUCCUUUGGGAGGAAGGAGGAGGCCCAGGCCGCGUCUUCAGG
XM_017009955.2,ARB2A,-,438953.0,5425,hsa-mir-2277,-,protein-coding gene,GUGCUUCCUGCGGGCUGAGCGCGGGCUGAGCGCUGCCAGUCAGCGCUCACAUUAAGGCUGACAGCGCCCUGCCUGGCUCGGCCGGCGAAGCUC
NR_105060.1,CARMN,+,25992.0,939,hsa-mir-143,+,non-coding gene,GCGCAGCGCCCUGUCUCCCAGCCUGAGGUGCAGUGCUGCAUCUCUGGUCAGUUGGGAGUCUGAGAUGAAGCACUGUAGCUCAGGAAGAGAGAAGUUGUUCUGCAGC
NR_039989.1,MIR4458HG,+,5410.0,3244,hsa-mir-4458,+,non-coding gene,GAGCGCACAGAGGUAGGUGUGGAAGAAAGUGAAACACUAUUUUAGGUUUUAGUUACACUCUGCUGUGGUGUGCUG
NR_024384.2,MIR9-2HG,-,8895.0,3572,hsa-mir-9-2,-,non-coding gene,GGAAGCGAGUUGUUAUCUUUGGUUAUCUAGCUGUAUGAGUGUAUUGGUCUUCAUAAAGCUAGAUAACCGAAAGUAAAAACUCCUUCA
NR_132748.1,MIR3142HG,+,19176.0,2318,hsa-mir-146a,+,non-coding gene,CCGAUGUGUAUCCUCAGCUUUGAGAACUGAAUUCCAUGGGUUGUGUCAGUGUCAGACCUCUGAAAUUCAGUUCUUCAGCUGGGAUAUCUCUGUCAUCGU
XM_047419182.1,TMEM181,+,76661.0,5083,hsa-mir-7161,+,protein-coding gene,UAAAGACUGUAGAGGCAACUGGUGUUCUCACGCAAAGUGGCCAGGGUGUGGGAGACUAGAUCUUUGACUCUGGCAGUCUCCAGG
NM_001286512.2,SLC35B2,-,3188.0,2000,hsa-mir-4647,-,protein-coding gene,CCAGGAGGGUGAAGAUGGUGCUGUGCUGAGGAAAGGGGAUGCAGAGCCCUGCCCAGCACCACCACCUCCUAUGCUCCUGG
NM_001363491.2,ZC3HAV1,-,66206.0,7543,hsa-mir-10399,-,protein-coding gene,AAUUACAGAUUGUCUCAGAGAAAACAAAUGAGUUACUCUCUCGGACAAGCUGUAGGUC
NM_033224.5,PURB,-,9232.0,9232,hsa-mir-4657,-,protein-coding gene,AAUGUGGAAGUGGUCUGAGGCAUAUAGAGUAUAUGCCAAGAACACUACCAUAU
NM_001382662.3,POR,+,71701.0,2783,hsa-mir-4651,+,protein-coding gene,CGGCGACGGCGGGGUGGGUGAGGUCGGGCCCCAAGACUCGGGGUUUGCCGGGCGCCUCAGUUCACCGCGGCCG
NM_001389653.1,CHPF2,+,6340.0,2346,hsa-mir-671,+,protein-coding gene,GCAGGUGAACUGGCAGGCCAGGAAGAGGAGGAAGCCCUGGAGGGGCUGGAGGUGAUGGAUGUUUUCCUCCGGUUCUCAGGGCUCCACCUCUUUCGGGCCGUAGAGCCAGGGCUGGUGC
XM_047421163.1,LOC124901780,-,3870.0,3870,hsa-mir-3907,-,protein-coding gene,GGGUUGGAAAGCUGUAGGUGUGGAGGGGCAUGGAUACGGGGGCCAUGAGGGUGGGGUCCAGGCUGGACCAGGCCUGCCCUGAGUCCCCCAGCAGGUGCUCCAGGCUGGCUCACACCCUCUGCCUCUCUCUCUUCCUUCCUGGCCCCAACCC
NR_132379.1,LINC01022,+,1305.0,1207,hsa-mir-5707,+,non-coding gene,UGUAAGAACACGUUUGAAUGCUGUACAAGGCACAUAUGUGAACAUUGUACCACAUGUACAGCUUUCAAACAUGCUCUUAUA
NR_186156.1,PVT1,+,306733.0,2102,hsa-mir-1204,+,non-coding gene,ACCUCGUGGCCUGGUCUCCAUUAUUUGAGAUGAGUUACAUCUUGGAGGUGAGGACGUGCCUCGUGGU
XM_047422062.1,ZFAT,-,354552.0,18992,hsa-mir-30b,-,protein-coding gene,ACCAAGUUUCAGUUCAUGUAAACAUCCUACACUCAGCUGUAAUACAUGGAUUGGCUGGGAGGUGGAUGUUUACUUCAGCUGACUUGGA
XM_047422062.1,ZFAT,-,354552.0,18992,hsa-mir-30d,-,protein-coding gene,GUUGUUGUAAACAUCCCCGACUGGAAGCUGUAAGACACAGCUAAGCUUUCAGUCAGAUGUUUGCUGCUAC
XR_007060869.1,LOC124901920,+,11776.0,5831,hsa-mir-3622a,+,non-coding gene,AAUAGAGGGUGCACAGGCACGGGAGCUCAGGUGAGGCAGGGAGCUGAGCUCACCUGACCUCCCAUGCCUGUGCACCCUCUAUU
NR_170280.1,MIR378D2HG,-,911.0,911,hsa-mir-378d-2,-,non-coding gene,GAAUGGUUACAAGGAGAGAACACUGGACUUGGAGUCAGAAAACUUUCAUCCAAGUCAUUCCCUGCUCUAAGUCCCAUUUCUGUUCCAUGAGAUUGUUU
XM_005250861.4,PABPC1,-,19173.0,2878,hsa-mir-7705,-,protein-coding gene,AAUAGCUCAGAAUGUCAGUUCUGUUUUAAGUAACAGAAUUGAUAACUGAGCAAGGAA
NM_001330618.2,ZFTRAF1,-,13290.0,2229,hsa-mir-10400,-,protein-coding gene,CGGCGGCGGCGGCUCUGGGCGAGGCGGCGGGGCCUGGGCUCCCGGACGAGGCGGG
XM_011519134.4,AOPEP,+,99928.0,21458,hsa-mir-2278,+,protein-coding gene,GUGCUGCAGGUGUUGGAGAGCAGUGUGUGUUGCCUGGGGACUGUGUGGACUGGUAUCACCCAGACAGCUUGCACUGACUCCAGACCCUGCCGUCAU
XM_047423978.1,AOPEP,+,359421.0,2842,hsa-mir-24-1,+,protein-coding gene,CUCCGGUGCCUACUGAGCUGAUAUCAGUUCUCAUUUUACACACUGGCUCAGUUCAGCAGGAACAGGAG
XR_007061326.1,STRBP,-,159093.0,14446,hsa-mir-600,-,non-coding gene,AAGUCACGUGCUGUGGCUCCAGCUUCAUAGGAAGGCUCUUGUCUGUCAGGCAGUGGAGUUACUUACAGACAAGAGCCUUGCUCAGGCCAGCCCUGCCC
NR_170274.1,MIRLET7A1HG,+,10011.0,528,hsa-let-7a-1,+,non-coding gene,UGGGAUGAGGUAGUAGGUUGUAUAGUUUUAGGGUCACACCCACCACUGGGAGAUAACUAUACAAUCUACUGUCUUUCCUA
NR_186569.1,MIR219A2HG,-,1491.0,1491,hsa-mir-219a-2,-,non-coding gene,ACUCAGGGGCUUCGCCACUGAUUGUCCAAACGCAAUUCUUGUACGAGUCUGCGGCCAACCGAGAAUUGUGGCUGGACAUCUGUGGCUGAGCUCCGGG
NM_001291920.2,RXRA,+,61291.0,6201,hsa-mir-4669,+,protein-coding gene,GCCUCCCUUCACUUCCUGGCCAUCCAGGCAUCUGUGUCUGUGUCCGGGAAGUGGAGGAGGGC
NM_001320752.2,STS,+,206930.0,6622,hsa-mir-4767,+,protein-coding gene,ACAUGGGCCCGCGGGCGCUCCUGGCCGCCGCCCGACUUCGGGGCCAGCCGGGGGCAGAGCGCGCGGGAGCCCGAGCGU
XM_017029894.3,TMEM164,+,124314.0,16890,hsa-mir-652,+,protein-coding gene,ACGAAUGGCUAUGCACUGCACAACCCUAGGAGAGGGUGCCAUUCACAUAGACUAUAAUUGAAUGGCGCCACUAGGGUUGUGCAGUGCACAACCUACAC
NR_170290.1,MIR222HG,-,25054.0,24922,hsa-mir-221,-,non-coding gene,UGAACAUCCAGGUCUGGGGCAUGAACCUGGCAUACAAUGUAGAUUUCUGUGUUCGUUAGGCAACAGCUACAUUGUCUGCUGGGUUUCAGGCUACCUGGAAACAUGUUCUC
NR_170290.1,MIR222HG,-,25054.0,24922,hsa-mir-222,-,non-coding gene,GCUGCUGGAAGGUGUAGGUACCCUCAAUGGCUCAGUAGCCAGUGUAGAUCCUGUCUUUCGUAAUCAGCAGCUACAUCUGGCUACUGGGUCUCUGAUGGCAUCUUCUAGCU
NR_170299.1,MIR223HG,+,4966.0,1819,hsa-mir-223,+,non-coding gene,CCUGGCCUCCUGCAGUGCCACGCUCCGUGUAUUUGACAAGCUGAGUUGGACACUCCAUGUGGUAGAGUGUCAGUUUGUCAAAUACCCCAAGUGCGGCACAUGCUUACCAG
XR_007068340.1,MIR106AHG,-,4939.0,3623,hsa-mir-363,-,non-coding gene,UGUUGUCGGGUGGAUCACGAUGCAAUUUUGAUGAGUAUCAUAGGAGAAAAAUUGCACGGUAUCCAUCUGUAAACC
XR_007068340.1,MIR106AHG,-,4939.0,3623,hsa-mir-92a-2,-,non-coding gene,UCAUCCCUGGGUGGGGAUUUGUUGCAUUACUUGUGUUCUAUAUAAAGUAUUGCACUUGUCCCGGCCUGUGGAAGA
XR_007068340.1,MIR106AHG,-,4939.0,3623,hsa-mir-19b-2,-,non-coding gene,ACAUUGCUACUUACAAUUAGUUUUGCAGGUUUGCAUUUCAGCGUAUAUAUGUAUAUGUGGCUGUGCAAAUCCAUGCAAAACUGAUUGUGAUAAUGU
XR_007068340.1,MIR106AHG,-,4939.0,3623,hsa-mir-20b,-,non-coding gene,AGUACCAAAGUGCUCAUAGUGCAGGUAGUUUUGGCAUGACUCUACUGUAGUAUGGGCACUUCCAGUACU
XR_007068340.1,MIR106AHG,-,4939.0,3623,hsa-mir-18b,-,non-coding gene,UGUGUUAAGGUGCAUCUAGUGCAGUUAGUGAAGCAGCUUAGAAUCUACUGCCCUAAAUGCCCCUUCUGGCA
XR_007068340.1,MIR106AHG,-,4939.0,3623,hsa-mir-106a,-,non-coding gene,CCUUGGCCAUGUAAAAGUGCUUACAGUGCAGGUAGCUUUUUGAGAUCUACUGCAAUGUAAGCACUUCUUACAUUACCAUGG
NR_110023.2,DKC1,+,14826.0,2839,hsa-mir-664b,+,non-coding gene,UGGGCUAAGGGAGAUGAUUGGGUAGAAAGUAUUAUUCUAUUCAUUUGCCUCCCAGCCUACA
NM_001199492.2,PDCD4,+,28079.0,3439,hsa-mir-4680,+,protein-coding gene,UAUAAGAACUCUUGCAGUCUUAGAUGUUAUAAAAAUAUAUAUCUGAAUUGUAAGAGUUGUUAGCAC
NM_018017.4,CCDC186,-,53342.0,7228,hsa-mir-2110,-,protein-coding gene,CAGGGGUUUGGGGAAACGGCCGCUGAGUGAGGCGUCGGCUGUGUUUCUCACCGCGGUCUUUUCCUCCCACUCUUG
XM_047426106.1,LOC124902361,-,29261.0,29261,hsa-mir-5699,-,protein-coding gene,CUGUACCCCUGCCCCAACAAGGAAGGACAAGAGGUGUGAGCCACACACACGCCUGGCCUCCUGUCUUUCCUUGUUGGAGCAGGGAUGUAG
NM_031866.3,FZD8,-,4050.0,4050,hsa-mir-4683,-,protein-coding gene,GACACGCAAGACGAGGCGGGCCUGGAGGUGCACCAGUUCUGGCCGCUGGUGGAGAUCCAGUGCUCGCCCGAUCUCAAGUUC
XR_007062370.1,LOC105378298,-,9980.0,4077,hsa-mir-4294,-,non-coding gene,CCGAUGCCUCGGGAGUCUACAGCAGGGCCAUGUCUGUGAGGGCCCAAGGGUGCAUGUGUCUCCCAGGUUUCGGUGC
XR_007062292.1,LOC124902503,+,44104.0,43009,hsa-mir-4295,+,non-coding gene,CUUUGUGGAACAGUGCAAUGUUUUCCUUGCCUGUGGCAAGACCACUUCGGUUCAAGGCUAAGAAACUAGACUGUUCCUACAGAGA
NM_001382572.1,STIM1,+,220435.0,2420,hsa-mir-4687,+,protein-coding gene,ACCUGAGGAGCCAGCCCUCCUCCCGCACCCAAACUUGGAGCACUUGACCUUUGGCUGUUGGAGGGGGCAGGCUCGCGGGU
NM_001367873.1,SOX6,-,390098.0,9304,hsa-mir-6073,-,protein-coding gene,UAGAUGUUGGUCCAAACUGAAAGUUGAUGAGUCACUGUGCCUCUCGGGGUAGUGAGUUAUCAGCUACAGUGAGAGAGCAGUGUUUGGCC
NM_001277285.4,IGSF9B,-,60531.0,17159,hsa-mir-4697,-,protein-coding gene,GGGCCCAGAAGGGGGCGCAGUCACUGACGUGAAGGGACCACAUCCCGCUUCAUGUCAGUGACUCCUGCCCCUUGGUCU
NR_002196.3,H19,-,2667.0,2315,hsa-mir-675,-,non-coding gene,CCCAGGGUCUGGUGCGGAGAGGGCCCACAGUGGACUUGGUGACGCUGUAUGCCCUCACCGCUCAGCCCCUGGG
XM_011545022.3,FADS1,-,15624.0,4092,hsa-mir-1908,-,protein-coding gene,CGGGAAUGCCGCGGCGGGGACGGCGAUUGGUCCGUAUGUGUGGUGCCACCGGCCGCCGGCUCCGCCCCGGCCCCCGCCCC
NM_006795.4,EHD1,-,26980.0,4453,hsa-mir-10392,-,protein-coding gene,GCGCUUCGACGGGCUGGGCUGUGCGCCUGCGCAGUGUGGGUCGCUCCCGAUUCCCUGCCCCGGCCGGCCCCGCCUCGGCUCCGCACC
NR_133638.1,MIR194-2HG,-,2764.0,2521,hsa-mir-192,-,non-coding gene,GCCGAGACCGAGUGCACAGGGCUCUGACCUAUGAAUUGACAGCCAGUGCUCUCGUCUCCCCUCUGGCUGCCAAUUCCAUAGGUCACAGGUAUGUUCGCCUCAAUGCCAGC
NR_133638.1,MIR194-2HG,-,2764.0,2521,hsa-mir-194-2,-,non-coding gene,UGGUUCCCGCCCCCUGUAACAGCAACUCCAUGUGGAAGUGCCCACUGGUUCCAGUGGGGCUGCUGUUAUCUGGGGCGAGGGCCAG
NR_131012.1,NEAT1,+,22743.0,22743,hsa-mir-612,+,non-coding gene,UCCCAUCUGGACCCUGCUGGGCAGGGCUUCUGAGCUCCUUAGCACUAGCAGGAGGGGCUCCAGGGGCCCUCCCUCCAUGGCAGCCAGGACAGGACUCUCA
NR_147706.1,MIR34BHG,+,3287.0,1142,hsa-mir-34c,+,non-coding gene,AGUCUAGUUACUAGGCAGUGUAGUUAGCUGAUUGCUAAUAGUACCAAUCACUAACCACACGGCCAGGUAAAAAGAUU
NM_012117.3,CBX5,-,49181.0,11546,hsa-mir-3198-2,-,protein-coding gene,GACUCUGCUCUCACUGUUCACCCAGCACUAGCAGUACCAGAUGGUUCUGUGGAGUCCUGGGGAAUGGAGAGAGCACAGUC
NM_001142523.2,IRAK3,+,65409.0,8145,hsa-mir-6502,+,protein-coding gene,CAGAGUGGGAGCUCUAGAAAGAUUGUUGACCAAUCAUCUUAUUGACUAGACCAUCUUUCUAGAGUAUAACUAUUUU
NM_020698.4,TMCC3,-,83436.0,5874,hsa-mir-7844,-,protein-coding gene,UGAUUGUGCGGACUCGUGUGUAAGAAAAACUAGGACUGUGUGGUGUAAAUAACUACAAUUCUCUUAACUCCGUAGCAGUUGCCAACUCAGUCCUUGUACUUCGUUAACACGAAUCUGUUUCA
NM_003299.3,HSP90B1,+,17517.0,2782,hsa-mir-3652,+,protein-coding gene,CGGCUGGAGGUGUGAGGAUCCGAACCCAGGGGUGGGGGGUGGAGGCGGCUCCUGCGAUCGAAGGGGACUUGAGACUCACCGGCCGCACGCCAUGAGGGCCCUGUGGGUGCUGGGCCUCUGCUGCGUCCUGC
NM_001080533.3,UNC119B,+,13183.0,4381,hsa-mir-4700,+,protein-coding gene,UCAGUGAGGUCUGGGGAUGAGGACAGUGUGUCCUGAAAUUCACAGGACUGACUCCUCACCCCAGUGCACGAGGA
NM_001167856.3,SBNO1,-,75739.0,11128,hsa-mir-8072,-,protein-coding gene,GCGUCAAGAUGGCGGCGGGGAGGUAGGCAGAGCAGGACGCCGCUGCUGCCGCCGCCACCGCCGCCUCCGCUCCAGUCGCC
NM_003979.4,GPRC5A,+,26376.0,6582,hsa-mir-614,+,protein-coding gene,UCUAAGAAACGCAGUGGUCUCUGAAGCCUGCAGGGGCAGGCCAGCCCUGCACUGAACGCCUGUUCUUGCCAGGUGGCAGAAGGUUGCUGC
XR_007063447.1,LOC105369968,+,18020.0,7673,hsa-mir-4496,+,non-coding gene,ACAUCAGCUCAUAUAAUCCUCGAAGCUGCCUUUAGAAAUGAGGAAACUGAAGCUGAGAGGG
NM_014252.4,SLC25A15,+,22850.0,3821,hsa-mir-621,+,protein-coding gene,UAGAUUGAGGAAGGGGCUGAGUGGUAGGCGGUGCUGCUGUGCUCUGAUGAAGACCCAUGUGGCUAGCAACAGCGCUUACCUUUUGUCUCUGGGUCC
NR_027350.1,MIR17HG,+,6756.0,5018,hsa-mir-17,+,non-coding gene,GUCAGAAUAAUGUCAAAGUGCUUACAGUGCAGGUAGUGAUAUGUGCAUCUACUGCAGUGAAGGCACUUGUAGCAUUAUGGUGAC
NR_027350.1,MIR17HG,+,6756.0,5018,hsa-mir-18a,+,non-coding gene,UGUUCUAAGGUGCAUCUAGUGCAGAUAGUGAAGUAGAUUAGCAUCUACUGCCCUAAGUGCUCCUUCUGGCA
NR_027350.1,MIR17HG,+,6756.0,5018,hsa-mir-19a,+,non-coding gene,GCAGUCCUCUGUUAGUUUUGCAUAGUUGCACUACAAGAAGAAUGUAGUUGUGCAAAUCUAUGCAAAACUGAUGGUGGCCUGC
NR_027350.1,MIR17HG,+,6756.0,5018,hsa-mir-20a,+,non-coding gene,GUAGCACUAAAGUGCUUAUAGUGCAGGUAGUGUUUAGUUAUCUACUGCAUUAUGAGCACUUAAAGUACUGC
NR_027350.1,MIR17HG,+,6756.0,5018,hsa-mir-19b-1,+,non-coding gene,CACUGUUCUAUGGUUAGUUUUGCAGGUUUGCAUCCAGCUGUGUGAUAUUCUGCUGUGCAAAUCCAUGCAAAACUGACUGUGGUAGUG
NR_027350.1,MIR17HG,+,6756.0,5018,hsa-mir-92a-1,+,non-coding gene,CUUUCUACACAGGUUGGGAUCGGUUGCAAUGCUGUGUUUCUGUAUGGUAUUGCACUUGUCCCGGCCUGUUGAGUUUGG
XR_002957493.2,LOC112268110,-,31815.0,28312,hsa-mir-1267,-,non-coding gene,CUCCCAAAUCUCCUGUUGAAGUGUAAUCCCCACCUCCAGCAUUGGGGAUUACAUUUCAACAUGAGAUUUGGAUGAGGA
XM_017021833.3,RGS6,+,585984.0,8743,hsa-mir-7843,+,protein-coding gene,GUAGACAGGAUGAGGGCAGAGCCAGCUUCCUGAUCUGAUGGAAGUCAUGAAGCCUUCUCUGCCUUACGCUUGGCUCUGC
XM_047431180.1,FUT8,+,275712.0,15143,hsa-mir-625,+,protein-coding gene,AGGGUAGAGGGAUGAGGGGGAAAGUUCUAUAGUCCUGUAAUUAGAUCUCAGGACUAUAGAACUUUCCCCCUCAUCCCUCUGCCCU
NM_001354565.2,NDRG2,-,8981.0,2668,hsa-mir-6717,-,protein-coding gene,CUGGUGUUUGAGGCGAUGUGGGGAUGUAGAGACAACUUCCCAGUCUCAUUUCCUCAUCCUGCCAGGCCACCAU
NM_001166269.2,HAUS4,-,10863.0,1586,hsa-mir-4707,-,protein-coding gene,GGUUCCGGAGCCCCGGCGCGGGCGGGUUCUGGGGUGUAGACGCUGCUGGCCAGCCCGCCCCAGCCGAGGUUCUCGGCACC
NM_001363688.1,NPC2,-,13578.0,1446,hsa-mir-4709,-,protein-coding gene,CUGCUUCAACAACAGUGACUUGCUCUCCAAUGGUAUCCAGUGAUUCGUUGAAGAGGAGGUGCUCUGUAGCAG
NR_046473.1,MEG3,+,28198.0,9689,hsa-mir-770,+,non-coding gene,AGGAGCCACCUUCCGAGCCUCCAGUACCACGUGUCAGGGCCACAUGAGCUGGGCCUCGUGGGCCUGAUGUGGUGCUGGGGCCUCAGGGGUCUGCUCUU
XM_047432049.1,LOC124903407,+,28646.0,15349,hsa-mir-379,+,protein-coding gene,AGAGAUGGUAGACUAUGGAACGUAGGCGUUAUGAUUUCUGACCUAUGUAACAUGGUCCACUAACUCU
XM_047432049.1,LOC124903407,+,28646.0,15349,hsa-mir-411,+,protein-coding gene,UGGUACUUGGAGAGAUAGUAGACCGUAUAGCGUACGCUUUAUCUGUGACGUAUGUAACACGGUCCACUAACCCUCAGUAUCAAAUCCAUCCCCGAG
XM_047432049.1,LOC124903407,+,28646.0,15349,hsa-mir-299,+,protein-coding gene,AAGAAAUGGUUUACCGUCCCACAUACAUUUUGAAUAUGUAUGUGGGAUGGUAAACCGCUUCUU
XM_047432049.1,LOC124903407,+,28646.0,15349,hsa-mir-380,+,protein-coding gene,AAGAUGGUUGACCAUAGAACAUGCGCUAUCUCUGUGUCGUAUGUAAUAUGGUCCACAUCUU
XM_047432049.1,LOC124903407,+,28646.0,15349,hsa-mir-1197,+,protein-coding gene,ACUUCCUGGUAUUUGAAGAUGCGGUUGACCAUGGUGUGUACGCUUUAUUUGUGACGUAGGACACAUGGUCUACUUCUUCUCAAUAUCA
XM_047432049.1,LOC124903407,+,28646.0,15349,hsa-mir-323a,+,protein-coding gene,UUGGUACUUGGAGAGAGGUGGUCCGUGGCGCGUUCGCUUUAUUUAUGGCGCACAUUACACGGUCGACCUCUUUGCAGUAUCUAAUC
XM_047432049.1,LOC124903407,+,28646.0,15349,hsa-mir-758,+,protein-coding gene,GCCUGGAUACAUGAGAUGGUUGACCAGAGAGCACACGCUUUAUUUGUGCCGUUUGUGACCUGGUCCACUAACCCUCAGUAUCUAAUGC
XM_047432049.1,LOC124903407,+,28646.0,15349,hsa-mir-329-1,+,protein-coding gene,GGUACCUGAAGAGAGGUUUUCUGGGUUUCUGUUUCUUUAAUGAGGACGAAACACACCUGGUUAACCUCUUUUCCAGUAUC
XM_047432049.1,LOC124903407,+,28646.0,15349,hsa-mir-329-2,+,protein-coding gene,GUGGUACCUGAAGAGAGGUUUUCUGGGUUUCUGUUUCUUUAUUGAGGACGAAACACACCUGGUUAACCUCUUUUCCAGUAUCAA
XM_047432049.1,LOC124903407,+,28646.0,15349,hsa-mir-494,+,protein-coding gene,GAUACUCGAAGGAGAGGUUGUCCGUGUUGUCUUCUCUUUAUUUAUGAUGAAACAUACACGGGAAACCUCUUUUUUAGUAUC
XM_047432049.1,LOC124903407,+,28646.0,15349,hsa-mir-1193,+,protein-coding gene,GUAGCUGAGGGGAUGGUAGACCGGUGACGUGCACUUCAUUUACGAUGUAGGUCACCCGUUUGACUAUCCACCAGCGCC
XM_047432049.1,LOC124903407,+,28646.0,15349,hsa-mir-543,+,protein-coding gene,UACUUAAUGAGAAGUUGCCCGUGUUUUUUUCGCUUUAUUUGUGACGAAACAUUCGCGGUGCACUUCUUUUUCAGUAUC
XM_047432049.1,LOC124903407,+,28646.0,15349,hsa-mir-495,+,protein-coding gene,UGGUACCUGAAAAGAAGUUGCCCAUGUUAUUUUCGCUUUAUAUGUGACGAAACAAACAUGGUGCACUUCUUUUUCGGUAUCA
NR_152588.1,DIO3OS,-,8202.0,705,hsa-mir-1247,-,non-coding gene,CCGCUUGCCUCGCCCAGCGCAGCCCCGGCCGCUGGGCGCACCCGUCCCGUUCGUCCCCGGACGUUGCUCUCUACCCCGGGAACGUCGAGACUGGAGCGCCCGAACUGAGCCACCUUCGCGGACCCCGAGAGCGGCG
NM_015005.3,CEP170B,+,31480.0,6700,hsa-mir-12121,+,protein-coding gene,UGGGCUCGGCCCGGGCUGCCACGAGCGUGCGGGCCUCGCCGGGCAUGUCCUAGGCGGCGGCCCCGCCCAGCGCUCGGCCGGGCGGGCGGGCGGGCGCG
NM_005744.5,ARIH1,+,128658.0,21679,hsa-mir-630,+,protein-coding gene,AACUUAACAUCAUGCUACCUCUUUGUAUCAUAUUUUGUUAUUCUGGUCACAGAAUGACCUAGUAUUCUGUACCAGGGAAGGUAGUUCUUAACUAUAU
NM_004048.4,B2M,+,6629.0,943,hsa-mir-10393,+,protein-coding gene,AGAAUUCUCUUAUCCAACAUCAACAUCUUGGUCAGAUUUGAACUCUUCAA
NM_197955.3,C15orf48,+,2731.0,649,hsa-mir-147b,+,protein-coding gene,UAUAAAUCUAGUGGAAACAUUUCUGCACAAACUAGAUUCUGGACACCAGUGUGCGGAAAUGCUUCUGCUACAUUUUUAGG
XM_017022489.2,AEN,+,27599.0,6885,hsa-mir-1179,+,protein-coding gene,GGCUGGAAAGGAAGAAGCAUUCUUUCAUUGGUUGGUGUGUAUUGCCUUGUCAACCAAUAAGAGGAUGCCAUUUAUCCUUUUCUGACUAGCU
XM_017023900.3,MARF1,-,48236.0,7760,hsa-mir-6506,-,protein-coding gene,GACUGGGAUGUCACUGAAUAUGGUGUUUGUGAGUUGAUUGACAUCGUAUCAGAGAUUCCAGACACA
XM_047434534.1,CAPN15,+,14259.0,10787,hsa-mir-3176,+,protein-coding gene,UGGCCUCUCCAGUCUGCAGCUCCCGGCAGCCUCGGGCCACACUCCCGGGAUCCCCAGGGACUGGCCUGGGACUACCGGGGGUGGCGGCCG
NR_132988.1,MIR3677HG,+,4410.0,483,hsa-mir-940,+,non-coding gene,GUGAGGUGUGGGCCCGGCCCCAGGAGCGGGGCCUGGGCAGCCCCGUGUGUUGAGGAAGGAAGGCAGGGCCCCCGCUCCCCGGGCCUGACCCCAC
NM_001377486.1,GAN,+,75848.0,15044,hsa-mir-4720,+,protein-coding gene,AAGCCUGGCAUAUUUGGUAUAACUUAAGCACCAGGUAAAAUCUGGUGCUUAAGUUGUACCAAGUAUAGCCAAGUUU
XM_047437165.1,TMEM94,+,43818.0,5454,hsa-mir-6785,+,protein-coding gene,CUCCCUGGGAGGGCGUGGAUGAUGGUGGGAGAGGAGCCCCACUGUGGAAGUCUGACCCCCACAUCGCCCCACCUUCCCCAG
NM_032932.6,RAB11FIP4,+,146537.0,8571,hsa-mir-4724,+,protein-coding gene,ACGCAAAAUGAACUGAACCAGGAGUGAGCUUCGUGUACAUUAUCUAUUAGAAAAUGAAGUACCUUCUGGUUCAGCUAGUCCCUGUGCGU
NM_001329402.2,VMP1,+,134602.0,3550,hsa-mir-21,+,protein-coding gene,UGUCGGGUAGCUUAUCAGACUGAUGUUGACUGUUGAAUCUCAUGGCAACACCAGUCGAUGGGCUGUCUGACA
XM_047437228.1,HS3ST3A1,-,53912.0,11664,hsa-mir-548h-3,-,protein-coding gene,UCUGAUUCUGCAUGUAUUAGGUUGGUGCAAAAGUAAUCGCGGUUUUUGUCAUUGAAAGUAAUAGCAAAAACUGCAAUUACUUUUGCACCAACCUAAAAGUAGUCACUGUCUUCAGAUA
NM_020791.4,TAOK1,+,161541.0,12643,hsa-mir-4523,+,protein-coding gene,GCGGGGGACCGAGAGGGCCUCGGCUGUGUGAGGACUAGAGGCGGCCGAGGCCCGGGCCGGUUCCCCCGA
XM_047436916.1,NSRP1,+,69660.0,3834,hsa-mir-423,+,protein-coding gene,AUAAAGGAAGUUAGGCUGAGGGGCAGAGAGCGAGACUUUUCUAUUUUCCAAAAGCUCGGUCUGAGGCCCCUCAGUCUUGCUUCCUAACCCGCGC
XM_047437188.1,PLEKHM1,-,56513.0,4873,hsa-mir-4315-1,-,protein-coding gene,UGGGCUUUGCCCGCUUUCUGAGCUGGACCCUCUCUCUACCUCUGGUGCAGAACUACAGCGGAAGGAAUCUCUG
NR_028504.1,MIR22HG,-,4769.0,1434,hsa-mir-22,-,non-coding gene,GGCUGAGCCGCAGUAGUUCUUCAGUGGCAAGCUUUAUGUCCUGACCCAGCUAAAGCUGCCAGUUGAAGAACUGUUGCCCUCUGCC
XR_007065690.1,LOC124903966,-,780.0,507,hsa-mir-451a,-,non-coding gene,CUUGGGAAUGGCAAGGAAACCGUUACCAUUACUGAGUUUAGUAAUGGUAAUGGUUCUCUUGCUAUACCCAGA
XR_007065690.1,LOC124903966,-,780.0,507,hsa-mir-144,-,non-coding gene,UGGGGCCCUGGCUGGGAUAUCAUCAUAUACUGUAAGUUUGCGAUGAGACACUACAGUAUAGAUGAUGUACUAGUCCGGGCACCCCC
NR_146952.1,MIR2117HG,+,6491.0,503,hsa-mir-2117,+,non-coding gene,GCUCUGAUUUACUUCUGUCCGGCAUGGUGAACAGCAGGAUUGGCUGUAGCUGUUCUCUUUGCCAAGGACAGAUCUGAUCU
XM_024450554.2,PLCD3,-,23557.0,6267,hsa-mir-6784,-,protein-coding gene,UACAGGCCGGGGCUUUGGGUGAGGGACCCCCGGAGUCUGUCACGGUCUCACCCCAACUCUGCCCCAG
XR_934423.3,ZNF652,-,34392.0,6089,hsa-mir-6129,-,non-coding gene,GUUCCUUCUAAGGAUUCCAGUGAGGGAGUUGGGUGUAUAGGAAGGAAAUCUUAUUGUCCAAGUUUCCCUUUGAAACCUCUUAGAAUGGAAUAAAACUGCCCAAAUCAUA
NM_005082.5,TRIM25,-,26141.0,5745,hsa-mir-3614,-,protein-coding gene,GGUUCUGUCUUGGGCCACUUGGAUCUGAAGGCUGCCCCUUUGCUCUCUGGGGUAGCCUUCAGAUCUUGGUGUUUUGAAUUCUUACU
NR_186557.1,MIR142HG,-,1633.0,1633,hsa-mir-142,-,non-coding gene,GACAGUGCAGUCACCCAUAAAGUAGAAAGCACUACUAACAGCACUGGAGGGUGUAGUGUUUCCUACUUUAUGGAUGAGUGUACUGUG
NM_022070.5,HEATR6,-,37914.0,6108,hsa-mir-4737,-,protein-coding gene,CUGCACAGGAUGCGAGGAUGCUGACAGUGCCUCACAGCCGCACAGGACCGAGGAUGCUGACGGUGCCUCACAGCCACACAG
XM_005258325.4,RBBP8,+,93159.0,3205,hsa-mir-4741,+,protein-coding gene,CGGGCGGGGCGGGUCCGGCCGCCUCCGAGCCCGGCCGGCAGCCCCCGGCCUUAAAGCGCGGGCUGUCCGGAGGGGUCGGCUUUCCCACCG
NR_110369.1,MIR133A1HG,-,5928.0,4234,hsa-mir-133a-1,-,non-coding gene,ACAAUGCUUUGCUAGAGCUGGUAAAAUGGAACCAAAUCGCCUCUUCAAUGGAUUUGGUCCCCUUCAACCAGCUGUAGCUAUGCAUUGA
NR_110369.1,MIR133A1HG,-,5928.0,4234,hsa-mir-1-2,-,non-coding gene,ACCUACUCAGAGUACAUACUUCUUUAUGUACCCAUAUGAACAUACAAUGCUAUGGAAUGUAAAGAAGUAUGUAUUUUUGGUAGGC
NR_170244.1,MIR122HG,+,5019.0,608,hsa-mir-122,+,non-coding gene,CCUUAGCAGAGCUGUGGAGUGUGACAAUGGUGUUUGUGUCUAAACUAUCAAACGCCAUUAUCACACUAAAUAGCUACUGCUAGGC
XM_011528144.2,REXO1,-,33236.0,4706,hsa-mir-1909,-,protein-coding gene,CAUCCAGGACAAUGGUGAGUGCCGGUGCCUGCCCUGGGGCCGUCCCUGCGCAGGGGCCGGGUGCUCACCGCAUCUGCCCC
XR_007067334.1,LOC124904765,+,13800.0,1550,hsa-mir-519a-1,+,non-coding gene,CUCAGGCUGUGACACUCUAGAGGGAAGCGCUUUCUGUUGUCUGAAAGAAAGGAAAGUGCAUCCUUUUAGAGUGUUACUGUUUGAG
XR_007067058.1,LOC105376912,+,5646.0,2262,hsa-mir-1302-11,+,non-coding gene,GGAUGCCCAGCUAGUUUGAAUUUUAGAUAAACAACGAAUAAUUUCGUAGCAUAAAUAUGUCCCAAGCUUAGUUUGGGACAUACUUAUGCUAAAAAACAUUAUUGGUUGUUUAUCUGAGAUUCAGAAUUAAGCAUUUUA
XR_007066507.1,CHAF1A,+,48191.0,8749,hsa-mir-4746,+,non-coding gene,GUGUCUGUGCCGGUCCCAGGAGAACCUGCAGAGGCAUCGGGUCAGCGGUGCUCCUGCGGGCCGACACUCAC
NM_007065.4,CDC37,-,12410.0,1618,hsa-mir-1181,-,protein-coding gene,UCCACUGCUGCCGCCGUCGCCGCCACCCGAGCCGGAGCGGGCUGGGCCGCCAAGGCAAGAUGGUGGACUACAGCGUGUGGG
NR_132756.1,SNORD135,-,75.0,75,hsa-mir-10395,-,non-coding gene,GUGAUGGAGAGCAAUACCCGGGGAUGACUGUGACCACAUUGGGAUGUAUUCGUACUGUCUGAUG
NR_036515.2,MIR23AHG,-,8403.0,8403,hsa-mir-24-2,-,non-coding gene,CUCUGCCUCCCGUGCCUACUGAGCUGAAACACAGUUGGUUUGUGUACACUGGCUCAGUUCAGCAGGAACAGGG
NR_036515.2,MIR23AHG,-,8403.0,8403,hsa-mir-27a,-,non-coding gene,CUGAGGAGCAGGGCUUAGCUGCUUGUGAGCAGGGUCCACACCAAGUCGUGUUCACAGUGGCUAAGUUCCGCCCCCCAG
NR_036515.2,MIR23AHG,-,8403.0,8403,hsa-mir-23a,-,non-coding gene,GGCCGGCUGGGGUUCCUGGGGAUGGGAUUUGCUUCCUGUCACAAAUCACAUUGCCAGGGAUUUCCAACCGACC
NM_001393577.1,MISP3,+,2277.0,1520,hsa-mir-1199,+,protein-coding gene,AGCCUGCGCCGGAGCCGGGGCCUGAGCCCGGGCCGCGCAGGCCGUGAACUCGUCGAGCUGCGCGUGCGGCCGGUGCUCAACCUGCCGGGUCCUGGCCCCGCGCUCCCGCGCGCCCUGGA
NM_001387354.1,FXYD3,+,6325.0,1441,hsa-mir-6887,+,protein-coding gene,GAGAAUGGGGGGACAGAUGGAGAGGACACAGGCUGGCACUGAGGUCCCCUCCACUUUCCUCCUAG
XM_047439444.1,TBC1D17,+,10548.0,1774,hsa-mir-4750,+,protein-coding gene,CGCUCGGGCGGAGGUGGUUGAGUGCCGACUGGCGCCUGACCCACCCCCUCCCGCAG
NM_012068.6,ATF5,+,5030.0,2070,hsa-mir-4751,+,protein-coding gene,CCCGGAGCCAGAGGACCCGUAGCUGCUAGAAGGGCAGGGGUGUGGCUUCUGGGGGCUGGUCUUCAGCUCUGGCG
XR_007067332.1,LOC107985342,+,46575.0,949,hsa-mir-526b,+,non-coding gene,UCAGGCUGUGACCCUCUUGAGGGAAGCACUUUCUGUUGUCUGAAAGAAGAGAAAGUGCUUCCUUUUAGAGGCUUACUGUCUGA
XR_007067335.1,LOC124904766,+,7962.0,2050,hsa-mir-516a-1,+,non-coding gene,UCUCAGGCUGUGACCUUCUCGAGGAAAGAAGCACUUUCUGUUGUCUGAAAGAAAAGAAAGUGCUUCCUUUCAGAGGGUUACGGUUUGAGA
XR_007067336.1,LOC124904767,-,1204.0,1077,hsa-mir-371b,-,non-coding gene,GGUAACACUCAAAAGAUGGCGGCACUUUCACCAGAGAGCAGAAAGUGCCCCCACAGUUUGAGUGCC
NM_031895.6,CACNG8,+,27279.0,8850,hsa-mir-935,+,protein-coding gene,GGCGGGGGCGCGGGCGGCAGUGGCGGGAGCGGCCCCUCGGCCAUCCUCCGUCUGCCCAGUUACCGCUUCCGCUACCGCCGCCGCUCCCGCU
NM_001136134.1,RPL28,+,6154.0,4403,hsa-mir-6805,+,protein-coding gene,UGGCCUAGGGGGCGGCUUGUGGAGUGUAUGGGCUGAGCCUUGCUCUGCUCCCCCGCCCCCAG
NM_001009.4,RPS5,+,7536.0,741,hsa-mir-10394,+,protein-coding gene,UCUGCAGGUCCUGGUGAACGCCAUCAUCAACAGUGGUCCCCGGGAGGACUCCACACGCAUUGGGCGCGCCGGGACUGUGAGAC
XM_047440079.1,POFUT1,+,30779.0,5104,hsa-mir-1825,+,protein-coding gene,AGAGACUGGGGUGCUGGGCUCCCCUAGACUAGGACUCCAGUGCCCUCCUCUCC
XR_007067683.1,LOC124904944,+,12729.0,11228,hsa-mir-4533,+,non-coding gene,UGAGAAUGUGGAAGGAGGUUGCCGGACGCUGCUGGCUGCCUUCCAGCGUCCACUUCCCUUUCUCUCUCUCC
XM_047440634.1,LOC124904951,+,2677.0,2677,hsa-mir-941-1,+,protein-coding gene,UGUGGACAUGUGCCCAGGGCCCGGGACAGCGCCACGGAAGAGGACGCACCCGGCUGUGUGCACAUGUGCCCA
XM_047440634.1,LOC124904951,+,2677.0,2677,hsa-mir-941-2,+,protein-coding gene,UGUGCACAUGUGCCCAGGGCCCGGGACAGCGCCACGGAAGAGGACGCACCCGGCUGUGUGCACAUGUGCCCA
XM_047440634.1,LOC124904951,+,2677.0,2677,hsa-mir-941-3,+,protein-coding gene,UGUGCACAUGUGCCCAGGGCCCGGGACAGCGCCACGGAAGAGGACGCACCCGGCUGUGUGCACAUGUGCCCA
XM_047440634.1,LOC124904951,+,2677.0,2677,hsa-mir-941-4,+,protein-coding gene,UGUGCACAUGUGCCCAGGGCCCGGGACAGCGCCACGGAAGAGGACGCACCCGGCUGUGUGCACAUGUGCCCA
XM_047440634.1,LOC124904951,+,2677.0,2677,hsa-mir-941-5,+,protein-coding gene,UGUGCACAUGUGCCCAGGGCCCGGGACAGCGCCACGGAAGAGGACGCACCCGGCUGUGUGCACAUGUGCCCA
XR_007067459.1,UCKL1,-,15392.0,2367,hsa-mir-1914,-,non-coding gene,CGUGUGAGCCCGCCCUGUGCCCGGCCCACUUCUGCUUCCUCUUAGCGCAGGAGGGGUCCCGCACUGGGAGGGGCCCUCAC
NM_001291411.2,SON,+,16029.0,7897,hsa-mir-6501,+,protein-coding gene,GGAGUUGCCAGGGCUGCCUUUGGUGACAGCAGCAGUAGAGUUGCCAGAGCAGCCUGCGGUAACAGUA
NR_146144.1,RNA45SN2,+,13315.0,13315,hsa-mir-10401,+,non-coding gene,CGUGUGGGAAGGCGUGGGGUGCGGACCCCGGCCCGACCUCGCCGUCCCGCCCGCCG
NR_146144.1,RNA45SN2,+,13315.0,13315,hsa-mir-3648-1,+,non-coding gene,CGCGACUGCGGCGGCGGUGGUGGGGGGAGCCGCGGGGAUCGCCGAGGGCCGGUCGGCCGCCCCGGGUGCCGCGCGGUGCCGCCGGCGGCGGUGAGGCCCCGCGCGUGUGUCCCGGCUGCGGUCGGCCGCGCUCGAGGGGUCCCCGUGGCGUCCCCUUCCCCGCCGGCCGCCUUUCUCGCG
NR_145819.1,RNA45SN1,+,13351.0,13351,hsa-mir-10396b,+,non-coding gene,CGGCGGGGCUCGGAGCCGGGCUUCGGCCGGGCCCCGGGCCCUCGACCGGAC
NR_001458.3,MIR155HG,+,13024.0,1474,hsa-mir-155,+,non-coding gene,CUGUUAAUGCUAAUCGUGAUAGGGGUUUUUGCCUCCAACUGACUCCUACAUAUUAGCAUUAACAG
XR_007067882.1,LOC124905023,-,11024.0,10919,hsa-mir-5692b,-,non-coding gene,GAUAUUAUGAAUAAUAUCACAGUAGGUGUUCACACAUAAUGUGUACACCAUGUGUGUACACCCAUGUGAUAUUUGAAGUAGUAUGUC
XM_047441419.1,DGCR8,+,31632.0,4445,hsa-mir-3618,+,protein-coding gene,UAAGCUGAGUGCAUUGUGAUUUCCAAUAAUUGAGGCAGUGGUUCUAAAAGCUGUCUACAUUAAUGAAAAGAGCAAUGUGGCCAGCUUG
XM_047441419.1,DGCR8,+,31632.0,4445,hsa-mir-1306,+,protein-coding gene,GUGAGCAGUCUCCACCACCUCCCCUGCAAACGUCCAGUGGUGCAGAGGUAAUGGACGUUGGCUCUGGUGGUGAUGGACAGUCCGA
XM_011529877.3,ANKRD54,-,13593.0,2332,hsa-mir-658,-,protein-coding gene,GCUCGGUUGCCGUGGUUGCGGGCCCUGCCCGCCCGCCAGCUCGCUGACAGCACGACUCAGGGCGGAGGGAAGUAGGUCCGUUGGUCGGUCGGGAACGAGG
NM_052945.4,TNFRSF13C,-,4775.0,3923,hsa-mir-378i,-,protein-coding gene,GGGAGCACUGGACUAGGAGUCAGAAGGUGGAGUUCUGGGUGCUGUUUUCCCACUCUUGGGCCCUGGGCAUGUUCUG
XM_047441696.1,LOC124905135,+,69285.0,16367,hsa-let-7a-3,+,protein-coding gene,GGGUGAGGUAGUAGGUUGUAUAGUUUGGGGCUCUGCCCUGCUAUGGGAUAACUAUACAAUCUACUGUCUUUCCU
XM_047441696.1,LOC124905135,+,69285.0,16367,hsa-mir-4763,+,protein-coding gene,CCUGUCCCUCCUGCCCUGCGCCUGCCCAGCCCUCCUGCUCUGGUGACUGAGGACCGCCAGGCAGGGGCUGGUGCUGGGCGGGGGGCGGCGGG
XM_047441696.1,LOC124905135,+,69285.0,16367,hsa-let-7b,+,protein-coding gene,CGGGGUGAGGUAGUAGGUUGUGUGGUUUCAGGGCAGUGAUGUUGCCCCUCGGAAGAUAACUAUACAACCUACUGCCUUCCCUG
XR_002958733.2,LOC112268288,+,11753.0,11634,hsa-mir-3619,+,non-coding gene,ACGGCAUCUUUGCACUCAGCAGGCAGGCUGGUGCAGCCCGUGGUGGGGGACCAUCCUGCCUGCUGUGGGGUAAGGACGGCUGU
