miR_chrom,miR_exonStarts,miR_exonEnds,miR_type,miR_Name,miR_strand,miR_ID,type
chr1,160295864,160295972,miRNA_primary_transcript,Name=mmu-mir-1927,-,Alias=MI0009914,intronic miR
chr1,34117359,34117431,miRNA_primary_transcript,Name=mmu-mir-6896,+,Alias=MI0022743,intronic miR
chr1,36144252,36144313,miRNA_primary_transcript,Name=mmu-mir-6897,-,Alias=MI0022744,intronic miR
chr1,64042438,64042501,miRNA_primary_transcript,Name=mmu-mir-6899,-,Alias=MI0022746,intronic miR
chr1,73855477,73855575,miRNA_primary_transcript,Name=mmu-mir-6351,-,Alias=MI0021879,intronic miR
chr1,77496653,77496768,miRNA_primary_transcript,Name=mmu-mir-6352,-,Alias=MI0021880,intronic miR
chr1,84218849,84218961,miRNA_primary_transcript,Name=mmu-mir-6353,-,Alias=MI0021881,intronic miR
chr1,106546496,106546631,miRNA_primary_transcript,Name=mmu-mir-3473f,-,Alias=MI0026016,intronic miR
chr1,128202361,128202430,miRNA_primary_transcript,Name=mmu-mir-128-1,+,Alias=MI0000155,intronic miR
chr1,132198088,132198184,miRNA_primary_transcript,Name=mmu-mir-135b,+,Alias=MI0000646,intronic miR
chr1,135454603,135454683,miRNA_primary_transcript,Name=mmu-mir-1231,-,Alias=MI0019183,intronic miR
chr1,158505625,158505733,miRNA_primary_transcript,Name=mmu-mir-488,+,Alias=MI0004633,intronic miR
chr1,191998554,191998634,miRNA_primary_transcript,Name=mmu-mir-3473c,-,Alias=MI0018015,intronic miR
chr1,20679010,20679082,miRNA_primary_transcript,Name=mmu-mir-206,+,Alias=MI0000249,intronic miR
chr1,36348682,36348758,miRNA_primary_transcript,Name=mmu-mir-6898,-,Alias=MI0022745,intronic miR
chr1,74394310,74394394,miRNA_primary_transcript,Name=mmu-mir-26b,+,Alias=MI0000575,intronic miR
chr1,92464483,92464542,miRNA_primary_transcript,Name=mmu-mir-6900,-,Alias=MI0022747,intronic miR
chr1,92850378,92850443,miRNA_primary_transcript,Name=mmu-mir-149,+,Alias=MI0000171,intronic miR
chr1,93346092,93346155,miRNA_primary_transcript,Name=mmu-mir-6902,+,Alias=MI0022749,intronic miR
chr1,93352158,93352285,miRNA_primary_transcript,Name=mmu-mir-6345,+,Alias=MI0021873,intronic miR
chr1,151442393,151442450,miRNA_primary_transcript,Name=mmu-mir-7682,+,Alias=MI0025030,intronic miR
chr1,171064591,171064652,miRNA_primary_transcript,Name=mmu-mir-6546,-,Alias=MI0024983,intronic miR
chr1,171641840,171641900,miRNA_primary_transcript,Name=mmu-mir-7683,-,Alias=MI0025031,intronic miR
chr1,176772325,176772423,miRNA_primary_transcript,Name=mmu-mir-350,-,Alias=MI0000640,intronic miR
chr1,184822407,184822488,miRNA_primary_transcript,Name=mmu-mir-1981,-,Alias=MI0009992,intronic miR
chr1,193507463,193507530,miRNA_primary_transcript,Name=mmu-mir-205,-,Alias=MI0000248,intronic miR
chr2,42447439,42447568,miRNA_primary_transcript,Name=mmu-mir-6336,-,Alias=MI0021864,intronic miR
chr2,92191977,92192074,miRNA_primary_transcript,Name=mmu-mir-1955,+,Alias=MI0009950,intronic miR
chr2,10466663,10466746,miRNA_primary_transcript,Name=mmu-mir-466m,+,Alias=MI0014050,intronic miR
chr2,10466944,10467037,miRNA_primary_transcript,Name=mmu-mir-466f-1,+,Alias=MI0005507,intronic miR
chr2,10467229,10467349,miRNA_primary_transcript,Name=mmu-mir-669f,+,Alias=MI0006287,intronic miR
chr2,10467495,10467613,miRNA_primary_transcript,Name=mmu-mir-669e,+,Alias=MI0006300,intronic miR
chr2,10467790,10467886,miRNA_primary_transcript,Name=mmu-mir-669b,+,Alias=MI0004666,intronic miR
chr2,10468343,10468463,miRNA_primary_transcript,Name=mmu-mir-669d,+,Alias=MI0006281,intronic miR
chr2,10468675,10468768,miRNA_primary_transcript,Name=mmu-mir-466f-2,+,Alias=MI0005508,intronic miR
chr2,10468971,10469068,miRNA_primary_transcript,Name=mmu-mir-669l,+,Alias=MI0009942,intronic miR
chr2,10471644,10471729,miRNA_primary_transcript,Name=mmu-mir-669d-2,+,Alias=MI0014051,intronic miR
chr2,10471953,10472046,miRNA_primary_transcript,Name=mmu-mir-466f-3,+,Alias=MI0005509,intronic miR
chr2,10472254,10472343,miRNA_primary_transcript,Name=mmu-mir-297a-2,+,Alias=MI0000397,intronic miR
chr2,10472540,10472623,miRNA_primary_transcript,Name=mmu-mir-466o,+,Alias=MI0014052,intronic miR
chr2,10473931,10474027,miRNA_primary_transcript,Name=mmu-mir-467c,+,Alias=MI0005512,intronic miR
chr2,10474219,10474300,miRNA_primary_transcript,Name=mmu-mir-466b-1,+,Alias=MI0005502,intronic miR
chr2,10474433,10474541,miRNA_primary_transcript,Name=mmu-mir-669a-3,+,Alias=MI0004668,intronic miR
chr2,10475300,10475426,miRNA_primary_transcript,Name=mmu-mir-669k,+,Alias=MI0006279,intronic miR
chr2,10476346,10476418,miRNA_primary_transcript,Name=mmu-mir-467a-1,+,Alias=MI0002402,intronic miR
chr2,10476628,10476713,miRNA_primary_transcript,Name=mmu-mir-466b-8,+,Alias=MI0014112,intronic miR
chr2,10476853,10476949,miRNA_primary_transcript,Name=mmu-mir-669a-1,+,Alias=MI0004523,intronic miR
chr2,10477150,10477272,miRNA_primary_transcript,Name=mmu-mir-669g,+,Alias=MI0006280,intronic miR
chr2,10477910,10478030,miRNA_primary_transcript,Name=mmu-mir-669j,+,Alias=MI0006286,intronic miR
chr2,10478798,10478880,miRNA_primary_transcript,Name=mmu-mir-467a-2,+,Alias=MI0014053,intronic miR
chr2,10479088,10479171,miRNA_primary_transcript,Name=mmu-mir-466e,+,Alias=MI0005506,intronic miR
chr2,10479315,10479401,miRNA_primary_transcript,Name=mmu-mir-669a-4,+,Alias=MI0014054,intronic miR
chr2,10481248,10481320,miRNA_primary_transcript,Name=mmu-mir-467b,+,Alias=MI0004671,intronic miR
chr2,10481534,10481617,miRNA_primary_transcript,Name=mmu-mir-466c-1,+,Alias=MI0005505,intronic miR
chr2,10481761,10481847,miRNA_primary_transcript,Name=mmu-mir-669a-5,+,Alias=MI0014055,intronic miR
chr2,10483678,10483760,miRNA_primary_transcript,Name=mmu-mir-467a-3,+,Alias=MI0014056,intronic miR
chr2,10483966,10484055,miRNA_primary_transcript,Name=mmu-mir-466c-2,+,Alias=MI0014057,intronic miR
chr2,10484196,10484282,miRNA_primary_transcript,Name=mmu-mir-669a-6,+,Alias=MI0014058,intronic miR
chr2,10486135,10486217,miRNA_primary_transcript,Name=mmu-mir-467a-4,+,Alias=MI0014059,intronic miR
chr2,10486423,10486512,miRNA_primary_transcript,Name=mmu-mir-466b-4,+,Alias=MI0014060,intronic miR
chr2,10486653,10486739,miRNA_primary_transcript,Name=mmu-mir-669a-7,+,Alias=MI0014061,intronic miR
chr2,10488599,10488681,miRNA_primary_transcript,Name=mmu-mir-467a-5,+,Alias=MI0014062,intronic miR
chr2,10488887,10488974,miRNA_primary_transcript,Name=mmu-mir-466b-5,+,Alias=MI0014063,intronic miR
chr2,10489116,10489202,miRNA_primary_transcript,Name=mmu-mir-669p-1,+,Alias=MI0014064,intronic miR
chr2,10491048,10491130,miRNA_primary_transcript,Name=mmu-mir-467a-6,+,Alias=MI0014065,intronic miR
chr2,10491566,10491652,miRNA_primary_transcript,Name=mmu-mir-669a-8,+,Alias=MI0014066,intronic miR
chr2,10493510,10493592,miRNA_primary_transcript,Name=mmu-mir-467a-7,+,Alias=MI0014069,intronic miR
chr2,10493798,10493887,miRNA_primary_transcript,Name=mmu-mir-466b-6,+,Alias=MI0014067,intronic miR
chr2,10494028,10494114,miRNA_primary_transcript,Name=mmu-mir-669a-9,+,Alias=MI0014068,intronic miR
chr2,10495980,10496062,miRNA_primary_transcript,Name=mmu-mir-467a-8,+,Alias=MI0014072,intronic miR
chr2,10496268,10496355,miRNA_primary_transcript,Name=mmu-mir-466b-7,+,Alias=MI0014070,intronic miR
chr2,10496497,10496583,miRNA_primary_transcript,Name=mmu-mir-669p-2,+,Alias=MI0014071,intronic miR
chr2,10498393,10498475,miRNA_primary_transcript,Name=mmu-mir-467a-9,+,Alias=MI0014074,intronic miR
chr2,10498685,10498766,miRNA_primary_transcript,Name=mmu-mir-466b-2,+,Alias=MI0005503,intronic miR
chr2,10498911,10498997,miRNA_primary_transcript,Name=mmu-mir-669a-10,+,Alias=MI0014073,intronic miR
chr2,10501339,10501425,miRNA_primary_transcript,Name=mmu-mir-669a-11,+,Alias=MI0014075,intronic miR
chr2,10503273,10503355,miRNA_primary_transcript,Name=mmu-mir-467a-10,+,Alias=MI0014076,intronic miR
chr2,10503565,10503645,miRNA_primary_transcript,Name=mmu-mir-466b-3,+,Alias=MI0005504,intronic miR
chr2,10503791,10503877,miRNA_primary_transcript,Name=mmu-mir-669a-12,+,Alias=MI0014077,intronic miR
chr2,10505721,10505807,miRNA_primary_transcript,Name=mmu-mir-467e,+,Alias=MI0006128,intronic miR
chr2,10506006,10506094,miRNA_primary_transcript,Name=mmu-mir-466p,+,Alias=MI0014078,intronic miR
chr2,10507630,10507714,miRNA_primary_transcript,Name=mmu-mir-467d,+,Alias=MI0005513,intronic miR
chr2,10507918,10507990,miRNA_primary_transcript,Name=mmu-mir-466a,+,Alias=MI0002401,intronic miR
chr2,10509016,10509113,miRNA_primary_transcript,Name=mmu-mir-297c,+,Alias=MI0005492,intronic miR
chr2,10509296,10509404,miRNA_primary_transcript,Name=mmu-mir-669c,+,Alias=MI0004673,intronic miR
chr2,10510164,10510260,miRNA_primary_transcript,Name=mmu-mir-669a-2,+,Alias=MI0004667,intronic miR
chr2,10511667,10511775,miRNA_primary_transcript,Name=mmu-mir-297b,+,Alias=MI0004674,intronic miR
chr2,10511967,10512062,miRNA_primary_transcript,Name=mmu-mir-466d,+,Alias=MI0005546,intronic miR
chr2,10512790,10512887,miRNA_primary_transcript,Name=mmu-mir-669m-1,+,Alias=MI0009943,intronic miR
chr2,10513434,10513531,miRNA_primary_transcript,Name=mmu-mir-669m-2,+,Alias=MI0009944,intronic miR
chr2,10513741,10513834,miRNA_primary_transcript,Name=mmu-mir-466n,+,Alias=MI0014079,intronic miR
chr2,10514300,10514395,miRNA_primary_transcript,Name=mmu-mir-669o,+,Alias=MI0009945,intronic miR
chr2,10514595,10514674,miRNA_primary_transcript,Name=mmu-mir-466g,+,Alias=MI0005510,intronic miR
chr2,10514891,10514971,miRNA_primary_transcript,Name=mmu-mir-466h,+,Alias=MI0005511,intronic miR
chr2,10515820,10515921,miRNA_primary_transcript,Name=mmu-mir-297a-3,+,Alias=MI0005488,intronic miR
chr2,10516097,10516217,miRNA_primary_transcript,Name=mmu-mir-466l,+,Alias=MI0006278,intronic miR
chr2,10517067,10517164,miRNA_primary_transcript,Name=mmu-mir-297a-4,+,Alias=MI0005489,intronic miR
chr2,10517604,10517730,miRNA_primary_transcript,Name=mmu-mir-669i,+,Alias=MI0006288,intronic miR
chr2,10518155,10518279,miRNA_primary_transcript,Name=mmu-mir-669h,+,Alias=MI0006289,intronic miR
chr2,14261003,14261081,miRNA_primary_transcript,Name=mmu-mir-511,+,Alias=MI0005554,intronic miR
chr2,18057846,18057903,miRNA_primary_transcript,Name=mmu-mir-7655,+,Alias=MI0024995,intronic miR
chr2,26470059,26470119,miRNA_primary_transcript,Name=mmu-mir-6996,-,Alias=MI0022844,intronic miR
chr2,28733278,28733351,miRNA_primary_transcript,Name=mmu-mir-3088,+,Alias=MI0014081,intronic miR
chr2,29995950,29996020,miRNA_primary_transcript,Name=mmu-mir-6997,+,Alias=MI0022845,intronic miR
chr2,31612421,31612484,miRNA_primary_transcript,Name=mmu-mir-6998,+,Alias=MI0022846,intronic miR
chr2,67675457,67675516,miRNA_primary_transcript,Name=mmu-mir-7224,+,Alias=MI0023719,intronic miR
chr2,67781043,67781140,miRNA_primary_transcript,Name=mmu-mir-6335,+,Alias=MI0021862,intronic miR
chr2,93421929,93422007,miRNA_primary_transcript,Name=mmu-mir-7001,-,Alias=MI0022849,intronic miR
chr2,94241364,94241453,miRNA_primary_transcript,Name=mmu-mir-129-2,-,Alias=MI0000585,intronic miR
chr2,94261300,94261399,miRNA_primary_transcript,Name=mmu-mir-670,-,Alias=MI0004295,intronic miR
chr2,114150516,114150570,miRNA_primary_transcript,Name=mmu-mir-7002,-,Alias=MI0022850,intronic miR
chr2,115638725,115638813,miRNA_primary_transcript,Name=mmu-mir-1951,+,Alias=MI0009946,intronic miR
chr2,168640696,168640759,miRNA_primary_transcript,Name=mmu-mir-7004,-,Alias=MI0022853,intronic miR
chr2,25059811,25059873,miRNA_primary_transcript,Name=mmu-mir-7664,+,Alias=MI0025004,intronic miR
chr2,25442779,25442834,miRNA_primary_transcript,Name=mmu-mir-3087,+,Alias=MI0014080,intronic miR
chr2,26591357,26591429,miRNA_primary_transcript,Name=mmu-mir-126a,+,Alias=MI0000153,intronic miR
chr2,27450549,27450630,miRNA_primary_transcript,Name=mmu-mir-7578,-,Alias=MI0024714,intronic miR
chr2,32652329,32652414,miRNA_primary_transcript,Name=mmu-mir-1954,+,Alias=MI0009949,intronic miR
chr2,38852735,38852810,miRNA_primary_transcript,Name=mmu-mir-181a-2,+,Alias=MI0000223,intronic miR
chr2,38853830,38853918,miRNA_primary_transcript,Name=mmu-mir-181b-2,+,Alias=MI0000823,intronic miR
chr2,74726070,74726137,miRNA_primary_transcript,Name=mmu-mir-10b,+,Alias=MI0000221,intronic miR
chr2,91944870,91944930,miRNA_primary_transcript,Name=mmu-mir-6999,-,Alias=MI0022847,intronic miR
chr2,92387384,92387446,miRNA_primary_transcript,Name=mmu-mir-7000,-,Alias=MI0022848,intronic miR
chr2,120017517,120017579,miRNA_primary_transcript,Name=mmu-mir-7665,+,Alias=MI0025005,intronic miR
chr2,126902250,126902385,miRNA_primary_transcript,Name=mmu-mir-3473g,-,Alias=MI0026054,intronic miR
chr2,131288052,131288137,miRNA_primary_transcript,Name=mmu-mir-103-2,+,Alias=MI0000588,intronic miR
chr2,152865067,152865126,miRNA_primary_transcript,Name=mmu-mir-5622,+,Alias=MI0019190,intronic miR
chr2,155622880,155622958,miRNA_primary_transcript,Name=mmu-mir-499,+,Alias=MI0004676,intronic miR
chr2,163068090,163068155,miRNA_primary_transcript,Name=mmu-mir-7003,+,Alias=MI0022852,intronic miR
chr2,164354313,164354383,miRNA_primary_transcript,Name=mmu-mir-7678,-,Alias=MI0025023,intronic miR
chr2,180389048,180389124,miRNA_primary_transcript,Name=mmu-mir-1a-1,+,Alias=MI0000139,intronic miR
chr2,180398379,180398482,miRNA_primary_transcript,Name=mmu-mir-133a-2,+,Alias=MI0000820,intronic miR
chr2,181587900,181587968,miRNA_primary_transcript,Name=mmu-mir-7006,-,Alias=MI0022855,intronic miR
chr3,28419943,28420018,miRNA_primary_transcript,Name=mmu-mir-466q,+,Alias=MI0018032,intronic miR
chr3,29416823,29416920,miRNA_primary_transcript,Name=mmu-mir-551b,+,Alias=MI0004131,intronic miR
chr3,29636744,29636851,miRNA_primary_transcript,Name=mmu-mir-21b,+,Alias=MI0021906,intronic miR
chr3,27584900,27584995,miRNA_primary_transcript,Name=mmu-mir-3092,-,Alias=MI0014085,intronic miR
chr3,88215171,88215257,miRNA_primary_transcript,Name=mmu-mir-3093,+,Alias=MI0014086,intronic miR
chr3,90011153,90011210,miRNA_primary_transcript,Name=mmu-mir-7669,-,Alias=MI0025009,intronic miR
chr3,138526421,138526485,miRNA_primary_transcript,Name=mmu-mir-1956,+,Alias=MI0009952,intronic miR
chr3,31038966,31039028,miRNA_primary_transcript,Name=mmu-mir-7008,+,Alias=MI0022857,intronic miR
chr3,36475461,36475524,miRNA_primary_transcript,Name=mmu-mir-7009,-,Alias=MI0022858,intronic miR
chr3,69009772,69009835,miRNA_primary_transcript,Name=mmu-mir-15b,+,Alias=MI0000140,intronic miR
chr3,82106247,82106309,miRNA_primary_transcript,Name=mmu-mir-7010,-,Alias=MI0022859,intronic miR
chr3,88440879,88440951,miRNA_primary_transcript,Name=mmu-mir-7011,-,Alias=MI0022860,intronic miR
chr3,90270149,90270212,miRNA_primary_transcript,Name=mmu-mir-7012,+,Alias=MI0022861,intronic miR
chr3,95734911,95734973,miRNA_primary_transcript,Name=mmu-mir-7014,-,Alias=MI0022863,intronic miR
chr3,127545228,127545301,miRNA_primary_transcript,Name=mmu-mir-302b,+,Alias=MI0003716,intronic miR
chr3,127545363,127545430,miRNA_primary_transcript,Name=mmu-mir-302c,+,Alias=MI0003717,intronic miR
chr3,127545496,127545564,miRNA_primary_transcript,Name=mmu-mir-302a,+,Alias=MI0000402,intronic miR
chr3,127545624,127545689,miRNA_primary_transcript,Name=mmu-mir-302d,+,Alias=MI0003718,intronic miR
chr3,127545733,127545807,miRNA_primary_transcript,Name=mmu-mir-367,+,Alias=MI0003531,intronic miR
chr3,157544279,157544349,miRNA_primary_transcript,Name=mmu-mir-186,+,Alias=MI0000228,intronic miR
chr4,36645373,36645453,miRNA_primary_transcript,Name=mmu-mir-876,-,Alias=MI0005480,intronic miR
chr4,36668510,36668586,miRNA_primary_transcript,Name=mmu-mir-873a,-,Alias=MI0005550,intronic miR
chr4,48213119,48213215,miRNA_primary_transcript,Name=mmu-mir-1958,-,Alias=MI0009955,intronic miR
chr4,133195655,133195716,miRNA_primary_transcript,Name=mmu-mir-7017,+,Alias=MI0022866,intronic miR
chr4,33438081,33438209,miRNA_primary_transcript,Name=mmu-mir-8118,+,Alias=MI0026050,intronic miR
chr4,40993695,40993758,miRNA_primary_transcript,Name=mmu-mir-3094,+,Alias=MI0014087,intronic miR
chr4,44221195,44221267,miRNA_primary_transcript,Name=mmu-mir-5106,-,Alias=MI0018014,intronic miR
chr4,44607491,44607568,miRNA_primary_transcript,Name=mmu-mir-5120,-,Alias=MI0018029,intronic miR
chr4,56895229,56895298,miRNA_primary_transcript,Name=mmu-mir-32,-,Alias=MI0000691,intronic miR
chr4,58441012,58441098,miRNA_primary_transcript,Name=mmu-mir-3095,-,Alias=MI0014088,intronic miR
chr4,63256851,63256932,miRNA_primary_transcript,Name=mmu-mir-455,+,Alias=MI0004679,intronic miR
chr4,88122040,88122125,miRNA_primary_transcript,Name=mmu-mir-491,+,Alias=MI0004680,intronic miR
chr4,94665157,94665237,miRNA_primary_transcript,Name=mmu-mir-872,+,Alias=MI0005549,intronic miR
chr4,118210505,118210564,miRNA_primary_transcript,Name=mmu-mir-7226,-,Alias=MI0023721,intronic miR
chr4,125504749,125504857,miRNA_primary_transcript,Name=mmu-mir-692-2,+,Alias=MI0004661,intronic miR
chr4,133717050,133717108,miRNA_primary_transcript,Name=mmu-mir-7227,-,Alias=MI0023722,intronic miR
chr4,134567723,134567851,miRNA_primary_transcript,Name=mmu-mir-6403,-,Alias=MI0021939,intronic miR
chr4,137538286,137538370,miRNA_primary_transcript,Name=mmu-mir-7018,+,Alias=MI0022867,intronic miR
chr4,138163209,138163292,miRNA_primary_transcript,Name=mmu-mir-6399,+,Alias=MI0021935,intronic miR
chr4,143136100,143136162,miRNA_primary_transcript,Name=mmu-mir-7021,-,Alias=MI0022870,intronic miR
chr4,149537863,149537922,miRNA_primary_transcript,Name=mmu-mir-5616,+,Alias=MI0019184,intronic miR
chr4,149655504,149655567,miRNA_primary_transcript,Name=mmu-mir-7023,-,Alias=MI0022872,intronic miR
chr4,15942900,15942991,miRNA_primary_transcript,Name=mmu-mir-6400,-,Alias=MI0021936,intronic miR
chr4,40850056,40850138,miRNA_primary_transcript,Name=mmu-mir-5123,-,Alias=MI0018034,intronic miR
chr4,120769534,120769622,miRNA_primary_transcript,Name=mmu-mir-30c-1,-,Alias=MI0000547,intronic miR
chr4,120772606,120772697,miRNA_primary_transcript,Name=mmu-mir-30e,-,Alias=MI0000259,intronic miR
chr4,124731694,124731802,miRNA_primary_transcript,Name=mmu-mir-697,+,Alias=MI0004681,intronic miR
chr4,126559860,126559918,miRNA_primary_transcript,Name=mmu-mir-7119,+,Alias=MI0022970,intronic miR
chr4,129684500,129684571,miRNA_primary_transcript,Name=mmu-mir-7016,-,Alias=MI0022865,intronic miR
chr4,138316132,138316200,miRNA_primary_transcript,Name=mmu-mir-7019,-,Alias=MI0022868,intronic miR
chr4,139644042,139644111,miRNA_primary_transcript,Name=mmu-mir-7020,+,Alias=MI0022869,intronic miR
chr4,148146936,148146996,miRNA_primary_transcript,Name=mmu-mir-7022,-,Alias=MI0022871,intronic miR
chr4,156054896,156054985,miRNA_primary_transcript,Name=mmu-mir-200a,-,Alias=MI0000554,intronic miR
chr4,156055681,156055750,miRNA_primary_transcript,Name=mmu-mir-200b,-,Alias=MI0000243,intronic miR
chr5,9375704,9375779,miRNA_primary_transcript,Name=mmu-mir-879,+,Alias=MI0005472,intronic miR
chr5,34574151,34574213,miRNA_primary_transcript,Name=mmu-mir-7036b,+,Alias=MI0024991,intronic miR
chr5,48223942,48224051,miRNA_primary_transcript,Name=mmu-mir-218-1,+,Alias=MI0000700,intronic miR
chr5,64970318,64970395,miRNA_primary_transcript,Name=mmu-mir-574,+,Alias=MI0005518,intronic miR
chr5,111004144,111004252,miRNA_primary_transcript,Name=mmu-mir-701,+,Alias=MI0004685,intronic miR
chr5,136375716,136375803,miRNA_primary_transcript,Name=mmu-mir-721,-,Alias=MI0004708,intronic miR
chr5,35021049,35021115,miRNA_primary_transcript,Name=mmu-mir-3097,+,Alias=MI0014090,intronic miR
chr5,110666075,110666141,miRNA_primary_transcript,Name=mmu-mir-7026,-,Alias=MI0022875,intronic miR
chr5,123996852,123996930,miRNA_primary_transcript,Name=mmu-mir-7032,+,Alias=MI0022881,intronic miR
chr5,135383730,135383810,miRNA_primary_transcript,Name=mmu-mir-7033,-,Alias=MI0022882,intronic miR
chr5,144896732,144896816,miRNA_primary_transcript,Name=mmu-mir-7039,-,Alias=MI0022888,intronic miR
chr5,30170739,30170816,miRNA_primary_transcript,Name=mmu-mir-1960,+,Alias=MI0009957,intronic miR
chr5,31667231,31667340,miRNA_primary_transcript,Name=mmu-mir-3473e,-,Alias=MI0022357,intronic miR
chr5,33898910,33898971,miRNA_primary_transcript,Name=mmu-mir-7024,-,Alias=MI0022873,intronic miR
chr5,50252762,50252868,miRNA_primary_transcript,Name=mmu-mir-8117,+,Alias=MI0026049,intronic miR
chr5,77272757,77272838,miRNA_primary_transcript,Name=mmu-mir-5098,+,Alias=MI0018006,intronic miR
chr5,104048003,104048063,miRNA_primary_transcript,Name=mmu-mir-5619,+,Alias=MI0019187,intronic miR
chr5,114404468,114404539,miRNA_primary_transcript,Name=mmu-mir-7027,+,Alias=MI0022876,intronic miR
chr5,114719515,114719578,miRNA_primary_transcript,Name=mmu-mir-7028,+,Alias=MI0022877,intronic miR
chr5,115645573,115645632,miRNA_primary_transcript,Name=mmu-mir-7030,+,Alias=MI0022879,intronic miR
chr5,121819209,121819273,miRNA_primary_transcript,Name=mmu-mir-7031,-,Alias=MI0022880,intronic miR
chr5,123522637,123522695,miRNA_primary_transcript,Name=mmu-mir-7647,-,Alias=MI0024985,intronic miR
chr5,135735806,135735889,miRNA_primary_transcript,Name=mmu-mir-7034,-,Alias=MI0022883,intronic miR
chr5,136105522,136105603,miRNA_primary_transcript,Name=mmu-mir-7035,+,Alias=MI0022884,intronic miR
chr5,137296624,137296688,miRNA_primary_transcript,Name=mmu-mir-7036a,-,Alias=MI0022885,intronic miR
chr5,138165321,138165404,miRNA_primary_transcript,Name=mmu-mir-25,-,Alias=MI0000689,intronic miR
chr5,138165523,138165610,miRNA_primary_transcript,Name=mmu-mir-93,-,Alias=MI0000581,intronic miR
chr5,138165737,138165818,miRNA_primary_transcript,Name=mmu-mir-106b,-,Alias=MI0000407,intronic miR
chr5,139369650,139369745,miRNA_primary_transcript,Name=mmu-mir-339,-,Alias=MI0000621,intronic miR
chr5,139767879,139767943,miRNA_primary_transcript,Name=mmu-mir-7037,-,Alias=MI0022886,intronic miR
chr5,140427339,140427409,miRNA_primary_transcript,Name=mmu-mir-7038,+,Alias=MI0022887,intronic miR
chr6,27936655,27936750,miRNA_primary_transcript,Name=mmu-mir-592,-,Alias=MI0004127,intronic miR
chr6,36421742,36421825,miRNA_primary_transcript,Name=mmu-mir-490,+,Alias=MI0005002,intronic miR
chr6,50572398,50572508,miRNA_primary_transcript,Name=mmu-mir-6371,+,Alias=MI0021900,intronic miR
chr6,51269812,51269910,miRNA_primary_transcript,Name=mmu-mir-148a,-,Alias=MI0000550,intronic miR
chr6,94606364,94606415,miRNA_primary_transcript,Name=mmu-mir-7041,-,Alias=MI0022890,intronic miR
chr6,108489743,108489803,miRNA_primary_transcript,Name=mmu-mir-7661,+,Alias=MI0025001,intronic miR
chr6,116645978,116646047,miRNA_primary_transcript,Name=mmu-mir-7043,-,Alias=MI0022892,intronic miR
chr6,120034228,120034311,miRNA_primary_transcript,Name=mmu-mir-706,-,Alias=MI0004690,intronic miR
chr6,3721301,3721385,miRNA_primary_transcript,Name=mmu-mir-653,-,Alias=MI0005557,intronic miR
chr6,3721897,3722003,miRNA_primary_transcript,Name=mmu-mir-489,-,Alias=MI0003476,intronic miR
chr6,30165918,30165992,miRNA_primary_transcript,Name=mmu-mir-182,-,Alias=MI0000224,intronic miR
chr6,30169446,30169551,miRNA_primary_transcript,Name=mmu-mir-96,-,Alias=MI0000583,intronic miR
chr6,30169668,30169737,miRNA_primary_transcript,Name=mmu-mir-183,-,Alias=MI0000225,intronic miR
chr6,30741299,30741396,miRNA_primary_transcript,Name=mmu-mir-335,+,Alias=MI0000817,intronic miR
chr6,83049711,83049773,miRNA_primary_transcript,Name=mmu-mir-7040,+,Alias=MI0022889,intronic miR
chr6,83400996,83401102,miRNA_primary_transcript,Name=mmu-mir-6374,-,Alias=MI0021903,intronic miR
chr6,113707208,113707265,miRNA_primary_transcript,Name=mmu-mir-7042,+,Alias=MI0022891,intronic miR
chr6,115775657,115775719,miRNA_primary_transcript,Name=mmu-mir-7660,+,Alias=MI0025000,intronic miR
chr6,125097024,125097086,miRNA_primary_transcript,Name=mmu-mir-7045,+,Alias=MI0022894,intronic miR
chr7,61726249,61726328,miRNA_primary_transcript,Name=mmu-mir-344d-3,-,Alias=MI0004227,intronic miR
chr7,61735537,61735602,miRNA_primary_transcript,Name=mmu-mir-344e,-,Alias=MI0014094,intronic miR
chr7,61739350,61739409,miRNA_primary_transcript,Name=mmu-mir-344h-1,-,Alias=MI0019196,intronic miR
chr7,61742366,61742425,miRNA_primary_transcript,Name=mmu-mir-344h-2,-,Alias=MI0019197,intronic miR
chr7,61790519,61790581,miRNA_primary_transcript,Name=mmu-mir-344b,-,Alias=MI0014095,intronic miR
chr7,61837311,61837402,miRNA_primary_transcript,Name=mmu-mir-344c,-,Alias=MI0014096,intronic miR
chr7,61877770,61877864,miRNA_primary_transcript,Name=mmu-mir-344-1,-,Alias=MI0000630,intronic miR
chr7,96249424,96249532,miRNA_primary_transcript,Name=mmu-mir-708,+,Alias=MI0004692,intronic miR
chr7,96305667,96305765,miRNA_primary_transcript,Name=mmu-mir-6394,+,Alias=MI0021928,intronic miR
chr7,6803587,6803670,miRNA_primary_transcript,Name=mmu-mir-3099,+,Alias=MI0004485,intronic miR
chr7,28560925,28560984,miRNA_primary_transcript,Name=mmu-mir-7049,-,Alias=MI0022898,intronic miR
chr7,29083636,29083694,miRNA_primary_transcript,Name=mmu-mir-1963,-,Alias=MI0009960,intronic miR
chr7,64205806,64205911,miRNA_primary_transcript,Name=mmu-mir-211,+,Alias=MI0000708,intronic miR
chr7,66381667,66381724,miRNA_primary_transcript,Name=mmu-mir-7057,-,Alias=MI0022906,intronic miR
chr7,81529916,81529988,miRNA_primary_transcript,Name=mmu-mir-1839,+,Alias=MI0009991,intronic miR
chr7,100882306,100882409,miRNA_primary_transcript,Name=mmu-mir-3102,-,Alias=MI0014099,intronic miR
chr7,101475376,101475443,miRNA_primary_transcript,Name=mmu-mir-139,+,Alias=MI0000693,intronic miR
chr7,135566162,135566282,miRNA_primary_transcript,Name=mmu-mir-1962,+,Alias=MI0009959,intronic miR
chr7,139986809,139986874,miRNA_primary_transcript,Name=mmu-mir-7062,-,Alias=MI0022911,intronic miR
chr7,144009254,144009338,miRNA_primary_transcript,Name=mmu-mir-3105,+,Alias=MI0014102,intronic miR
chr7,19086828,19086892,miRNA_primary_transcript,Name=mmu-mir-3100,+,Alias=MI0014092,intronic miR
chr7,19181465,19181562,miRNA_primary_transcript,Name=mmu-mir-330,+,Alias=MI0000607,intronic miR
chr7,24970010,24970075,miRNA_primary_transcript,Name=mmu-mir-7046,-,Alias=MI0022895,intronic miR
chr7,24987604,24987667,miRNA_primary_transcript,Name=mmu-mir-7047,-,Alias=MI0022896,intronic miR
chr7,25217668,25217725,miRNA_primary_transcript,Name=mmu-mir-7048,-,Alias=MI0022897,intronic miR
chr7,27176006,27176093,miRNA_primary_transcript,Name=mmu-mir-3101,-,Alias=MI0014093,intronic miR
chr7,29773294,29773376,miRNA_primary_transcript,Name=mmu-mir-1964,+,Alias=MI0009961,intronic miR
chr7,30589380,30589437,miRNA_primary_transcript,Name=mmu-mir-3569,+,Alias=MI0025014,intronic miR
chr7,31040258,31040317,miRNA_primary_transcript,Name=mmu-mir-7050,-,Alias=MI0022899,intronic miR
chr7,43457497,43457569,miRNA_primary_transcript,Name=mmu-mir-7051,+,Alias=MI0022900,intronic miR
chr7,44470347,44470411,miRNA_primary_transcript,Name=mmu-mir-7052,+,Alias=MI0022901,intronic miR
chr7,44538106,44538178,miRNA_primary_transcript,Name=mmu-mir-7053,-,Alias=MI0022902,intronic miR
chr7,45012426,45012487,miRNA_primary_transcript,Name=mmu-mir-7054,-,Alias=MI0022903,intronic miR
chr7,45173303,45173361,miRNA_primary_transcript,Name=mmu-mir-7055,+,Alias=MI0022904,intronic miR
chr7,47083166,47083224,miRNA_primary_transcript,Name=mmu-mir-7056,-,Alias=MI0022905,intronic miR
chr7,99552269,99552363,miRNA_primary_transcript,Name=mmu-mir-326,+,Alias=MI0000598,intronic miR
chr7,126367971,126368045,miRNA_primary_transcript,Name=mmu-mir-7058,-,Alias=MI0022907,intronic miR
chr7,126579474,126579532,miRNA_primary_transcript,Name=mmu-mir-7059,-,Alias=MI0022908,intronic miR
chr7,127489251,127489387,miRNA_primary_transcript,Name=mmu-mir-7060,+,Alias=MI0022909,intronic miR
chr7,128288369,128288435,miRNA_primary_transcript,Name=mmu-mir-3103,-,Alias=MI0014100,intronic miR
chr7,130908268,130908335,miRNA_primary_transcript,Name=mmu-mir-7061,+,Alias=MI0022910,intronic miR
chr7,141620701,141620791,miRNA_primary_transcript,Name=mmu-mir-7063,+,Alias=MI0022912,intronic miR
chr7,142654924,142654996,miRNA_primary_transcript,Name=mmu-mir-483,-,Alias=MI0003484,intronic miR
chr7,143570671,143570759,miRNA_primary_transcript,Name=mmu-mir-7064,-,Alias=MI0022913,intronic miR
chr8,16168757,16168838,miRNA_primary_transcript,Name=mmu-mir-3106,-,Alias=MI0004486,intronic miR
chr8,117453023,117453079,miRNA_primary_transcript,Name=mmu-mir-7077,+,Alias=MI0022927,intronic miR
chr8,117459265,117459328,miRNA_primary_transcript,Name=mmu-mir-7078,+,Alias=MI0022928,intronic miR
chr8,23142555,23142682,miRNA_primary_transcript,Name=mmu-mir-486a,+,Alias=MI0003493,intronic miR
chr8,38252133,38252202,miRNA_primary_transcript,Name=mmu-mir-383,-,Alias=MI0000800,intronic miR
chr8,13136072,13136132,miRNA_primary_transcript,Name=mmu-mir-7065,+,Alias=MI0022914,intronic miR
chr8,85062086,85062171,miRNA_primary_transcript,Name=mmu-mir-7070,+,Alias=MI0022920,intronic miR
chr8,94505046,94505105,miRNA_primary_transcript,Name=mmu-mir-7072,+,Alias=MI0022922,intronic miR
chr8,107096025,107096106,miRNA_primary_transcript,Name=mmu-mir-7075,-,Alias=MI0022925,intronic miR
chr8,107551244,107551313,miRNA_primary_transcript,Name=mmu-mir-140,+,Alias=MI0000165,intronic miR
chr8,108936860,108936938,miRNA_primary_transcript,Name=mmu-mir-3108,+,Alias=MI0014105,intronic miR
chr8,111016450,111016530,miRNA_primary_transcript,Name=mmu-mir-3473d,-,Alias=MI0018033,intronic miR
chr8,120538696,120538754,miRNA_primary_transcript,Name=mmu-mir-7687,+,Alias=MI0025039,intronic miR
chr8,121978024,121978086,miRNA_primary_transcript,Name=mmu-mir-7237,+,Alias=MI0023732,intronic miR
chr8,128278148,128278225,miRNA_primary_transcript,Name=mmu-mir-21c,-,Alias=MI0021932,intronic miR
chr8,13189031,13189098,miRNA_primary_transcript,Name=mmu-mir-1968,-,Alias=MI0009965,intronic miR
chr8,23142573,23142662,miRNA_primary_transcript,Name=mmu-mir-486b,-,Alias=MI0014103,intronic miR
chr8,70102524,70102586,miRNA_primary_transcript,Name=mmu-mir-7066,-,Alias=MI0022915,intronic miR
chr8,70895508,70895570,miRNA_primary_transcript,Name=mmu-mir-7067,-,Alias=MI0022916,intronic miR
chr8,72470016,72470089,miRNA_primary_transcript,Name=mmu-mir-7068,-,Alias=MI0022918,intronic miR
chr8,84086099,84086186,miRNA_primary_transcript,Name=mmu-mir-709,+,Alias=MI0004693,intronic miR
chr8,84867947,84868008,miRNA_primary_transcript,Name=mmu-mir-7069,+,Alias=MI0022919,intronic miR
chr8,88138206,88138274,miRNA_primary_transcript,Name=mmu-mir-7071,+,Alias=MI0022921,intronic miR
chr8,95753151,95753214,miRNA_primary_transcript,Name=mmu-mir-7073,-,Alias=MI0022923,intronic miR
chr8,105951637,105951699,miRNA_primary_transcript,Name=mmu-mir-7074,-,Alias=MI0022924,intronic miR
chr8,111689601,111689674,miRNA_primary_transcript,Name=mmu-mir-7076,-,Alias=MI0022926,intronic miR
chr8,122622265,122622375,miRNA_primary_transcript,Name=mmu-mir-6396,-,Alias=MI0021931,intronic miR
chr8,123104975,123105043,miRNA_primary_transcript,Name=mmu-mir-7079,+,Alias=MI0022929,intronic miR
chr8,123130106,123130172,miRNA_primary_transcript,Name=mmu-mir-7080,+,Alias=MI0022930,intronic miR
chr8,124022641,124022722,miRNA_primary_transcript,Name=mmu-mir-1967,+,Alias=MI0009964,intronic miR
chr9,112118636,112118711,miRNA_primary_transcript,Name=mmu-mir-128-2,-,Alias=MI0000726,intronic miR
chr9,41531425,41531504,miRNA_primary_transcript,Name=mmu-mir-100,+,Alias=MI0000692,intronic miR
chr9,41536716,41536811,miRNA_primary_transcript,Name=mmu-let-7a-2,+,Alias=MI0000557,intronic miR
chr9,41581926,41582002,miRNA_primary_transcript,Name=mmu-mir-125b-1,+,Alias=MI0000725,intronic miR
chr9,67236660,67236726,miRNA_primary_transcript,Name=mmu-mir-190a,-,Alias=MI0000232,intronic miR
chr9,69456944,69457031,miRNA_primary_transcript,Name=mmu-mir-3109,+,Alias=MI0014106,intronic miR
chr9,94751829,94751890,miRNA_primary_transcript,Name=mmu-mir-7656,+,Alias=MI0024996,intronic miR
chr9,102304924,102304975,miRNA_primary_transcript,Name=mmu-mir-7243,-,Alias=MI0025043,intronic miR
chr9,119031796,119031885,miRNA_primary_transcript,Name=mmu-mir-26a-1,+,Alias=MI0000573,intronic miR
chr9,122273890,122274028,miRNA_primary_transcript,Name=mmu-mir-8106,-,Alias=MI0026037,intronic miR
chr9,7784390,7784440,miRNA_primary_transcript,Name=mmu-mir-5618,+,Alias=MI0019186,intronic miR
chr9,20914090,20914164,miRNA_primary_transcript,Name=mmu-mir-7081,-,Alias=MI0022931,intronic miR
chr9,21809941,21810000,miRNA_primary_transcript,Name=mmu-mir-7083,-,Alias=MI0022933,intronic miR
chr9,44400423,44400488,miRNA_primary_transcript,Name=mmu-mir-7085,+,Alias=MI0022935,intronic miR
chr9,45266643,45266707,miRNA_primary_transcript,Name=mmu-mir-7086,-,Alias=MI0022936,intronic miR
chr9,45939521,45939590,miRNA_primary_transcript,Name=mmu-mir-7087,-,Alias=MI0022937,intronic miR
chr9,51103034,51103110,miRNA_primary_transcript,Name=mmu-mir-34c,-,Alias=MI0000403,intronic miR
chr9,54708313,54708381,miRNA_primary_transcript,Name=mmu-mir-5710,+,Alias=MI0019319,intronic miR
chr9,106178840,106178927,miRNA_primary_transcript,Name=mmu-let-7g,+,Alias=MI0000137,intronic miR
chr9,108081498,108081583,miRNA_primary_transcript,Name=mmu-mir-7088,+,Alias=MI0022938,intronic miR
chr9,109889643,109889710,miRNA_primary_transcript,Name=mmu-mir-7089,+,Alias=MI0022939,intronic miR
chr9,120955086,120955147,miRNA_primary_transcript,Name=mmu-mir-7090,+,Alias=MI0022940,intronic miR
chrX,52378121,52378181,miRNA_primary_transcript,Name=mmu-mir-6384,-,Alias=MI0021915,intronic miR
chrX,52422407,52422515,miRNA_primary_transcript,Name=mmu-mir-717,-,Alias=MI0004704,intronic miR
chrX,145039344,145039414,miRNA_primary_transcript,Name=mmu-mir-3472,+,Alias=MI0014704,intronic miR
chrX,7237683,7237774,miRNA_primary_transcript,Name=mmu-mir-500,-,Alias=MI0004702,intronic miR
chrX,7241243,7241351,miRNA_primary_transcript,Name=mmu-mir-501,-,Alias=MI0004703,intronic miR
chrX,7241982,7242046,miRNA_primary_transcript,Name=mmu-mir-362,-,Alias=MI0000763,intronic miR
chrX,7247989,7248056,miRNA_primary_transcript,Name=mmu-mir-188,-,Alias=MI0000230,intronic miR
chrX,7248402,7248497,miRNA_primary_transcript,Name=mmu-mir-532,-,Alias=MI0003206,intronic miR
chrX,59097658,59097736,miRNA_primary_transcript,Name=mmu-mir-504,-,Alias=MI0005515,intronic miR
chrX,60394403,60394492,miRNA_primary_transcript,Name=mmu-mir-505,-,Alias=MI0004706,intronic miR
chrX,72589988,72590094,miRNA_primary_transcript,Name=mmu-mir-767,-,Alias=MI0012530,intronic miR
chrX,72591500,72591579,miRNA_primary_transcript,Name=mmu-mir-105,-,Alias=MI0005481,intronic miR
chrX,72992079,72992144,miRNA_primary_transcript,Name=mmu-mir-2137,+,Alias=MI0010750,intronic miR
chrX,74317362,74317429,miRNA_primary_transcript,Name=mmu-mir-7092,+,Alias=MI0022942,intronic miR
chrX,100381097,100381185,miRNA_primary_transcript,Name=mmu-mir-676,+,Alias=MI0005003,intronic miR
chrX,105379082,105379179,miRNA_primary_transcript,Name=mmu-mir-325,-,Alias=MI0000597,intronic miR
chrX,113074824,113074893,miRNA_primary_transcript,Name=mmu-mir-361,-,Alias=MI0000761,intronic miR
chrX,140310948,140311012,miRNA_primary_transcript,Name=mmu-mir-3475,+,Alias=MI0004220,intronic miR
chrX,142739000,142739097,miRNA_primary_transcript,Name=mmu-mir-652,+,Alias=MI0004965,intronic miR
chrX,147002259,147002366,miRNA_primary_transcript,Name=mmu-mir-764,+,Alias=MI0004310,intronic miR
chrX,147009441,147009527,miRNA_primary_transcript,Name=mmu-mir-1912,+,Alias=MI0014110,intronic miR
chrX,147010601,147010686,miRNA_primary_transcript,Name=mmu-mir-1264,+,Alias=MI0004130,intronic miR
chrX,147064905,147065002,miRNA_primary_transcript,Name=mmu-mir-1298,+,Alias=MI0004300,intronic miR
chrX,147158210,147158321,miRNA_primary_transcript,Name=mmu-mir-448,+,Alias=MI0001638,intronic miR
chrX,151912346,151912428,miRNA_primary_transcript,Name=mmu-let-7f-2,+,Alias=MI0000563,intronic miR
chrX,151913214,151913321,miRNA_primary_transcript,Name=mmu-mir-98,+,Alias=MI0000586,intronic miR
chrX,7807101,7807221,miRNA_primary_transcript,Name=mmu-mir-1198,+,Alias=MI0006306,intronic miR
chrX,20863126,20863182,miRNA_primary_transcript,Name=mmu-mir-5617,-,Alias=MI0019185,intronic miR
chrX,72261031,72261112,miRNA_primary_transcript,Name=mmu-mir-224,-,Alias=MI0000711,intronic miR
chrX,72262224,72262308,miRNA_primary_transcript,Name=mmu-mir-452,-,Alias=MI0001734,intronic miR
chrX,74274027,74274105,miRNA_primary_transcript,Name=mmu-mir-7091,-,Alias=MI0022941,intronic miR
chrX,103572921,103572996,miRNA_primary_transcript,Name=mmu-mir-421,-,Alias=MI0005496,intronic miR
chrX,103573060,103573154,miRNA_primary_transcript,Name=mmu-mir-374b,-,Alias=MI0004125,intronic miR
chrX,104116175,104116274,miRNA_primary_transcript,Name=mmu-mir-672,-,Alias=MI0004258,intronic miR
chrX,134757631,134757731,miRNA_primary_transcript,Name=mmu-mir-7093,+,Alias=MI0022943,intronic miR
chrX,162874918,162874995,miRNA_primary_transcript,Name=mmu-mir-3473a,-,Alias=MI0014706,intronic miR
chr10,101772692,101772772,miRNA_primary_transcript,Name=mmu-mir-3059,+,Alias=MI0004412,intronic miR
chr10,7836381,7836474,miRNA_primary_transcript,Name=mmu-mir-5104,+,Alias=MI0018012,intronic miR
chr10,24910664,24910733,miRNA_primary_transcript,Name=mmu-mir-6905,+,Alias=MI0022752,intronic miR
chr10,44359676,44359768,miRNA_primary_transcript,Name=mmu-mir-1929,+,Alias=MI0009918,intronic miR
chr10,80609260,80609329,miRNA_primary_transcript,Name=mmu-mir-6912,+,Alias=MI0022759,intronic miR
chr10,92137140,92137223,miRNA_primary_transcript,Name=mmu-mir-1251,-,Alias=MI0014021,intronic miR
chr10,93162785,93162903,miRNA_primary_transcript,Name=mmu-mir-1931,+,Alias=MI0009920,intronic miR
chr10,95559231,95559321,miRNA_primary_transcript,Name=mmu-mir-3058,-,Alias=MI0004418,intronic miR
chr10,120447991,120448110,miRNA_primary_transcript,Name=mmu-mir-763,-,Alias=MI0004516,intronic miR
chr10,128584437,128584497,miRNA_primary_transcript,Name=mmu-mir-6917,-,Alias=MI0022764,intronic miR
chr10,22729372,22729432,miRNA_primary_transcript,Name=mmu-mir-7663,-,Alias=MI0025003,intronic miR
chr10,60126776,60126833,miRNA_primary_transcript,Name=mmu-mir-6906,+,Alias=MI0022753,intronic miR
chr10,77641224,77641307,miRNA_primary_transcript,Name=mmu-mir-1930,+,Alias=MI0009919,intronic miR
chr10,78340150,78340207,miRNA_primary_transcript,Name=mmu-mir-7659,-,Alias=MI0024999,intronic miR
chr10,78408475,78408545,miRNA_primary_transcript,Name=mmu-mir-6907,-,Alias=MI0022754,intronic miR
chr10,78445095,78445157,miRNA_primary_transcript,Name=mmu-mir-6908,-,Alias=MI0022755,intronic miR
chr10,79531029,79531090,miRNA_primary_transcript,Name=mmu-mir-6909,-,Alias=MI0022756,intronic miR
chr10,79862587,79862652,miRNA_primary_transcript,Name=mmu-mir-6910,+,Alias=MI0022757,intronic miR
chr10,80278164,80278232,miRNA_primary_transcript,Name=mmu-mir-6911,+,Alias=MI0022758,intronic miR
chr10,80828797,80828870,miRNA_primary_transcript,Name=mmu-mir-1982,+,Alias=MI0009993,intronic miR
chr10,81386347,81386412,miRNA_primary_transcript,Name=mmu-mir-6913,+,Alias=MI0022760,intronic miR
chr10,81416240,81416297,miRNA_primary_transcript,Name=mmu-mir-1191b,-,Alias=MI0025021,intronic miR
chr10,128085286,128085363,miRNA_primary_transcript,Name=mmu-mir-677,+,Alias=MI0004634,intronic miR
chr10,128388832,128388900,miRNA_primary_transcript,Name=mmu-mir-6915,+,Alias=MI0022762,intronic miR
chr10,128511968,128512030,miRNA_primary_transcript,Name=mmu-mir-6916,-,Alias=MI0022763,intronic miR
chr11,35616816,35616925,miRNA_primary_transcript,Name=mmu-mir-218-2,+,Alias=MI0000701,intronic miR
chr11,46102270,46102390,miRNA_primary_transcript,Name=mmu-mir-8100,+,Alias=MI0026029,intronic miR
chr11,21344588,21344675,miRNA_primary_transcript,Name=mmu-mir-1933,-,Alias=MI0009922,intronic miR
chr11,35782396,35782481,miRNA_primary_transcript,Name=mmu-mir-103-1,+,Alias=MI0000587,intronic miR
chr11,50069702,50069799,miRNA_primary_transcript,Name=mmu-mir-340,+,Alias=MI0000623,intronic miR
chr11,77078064,77078172,miRNA_primary_transcript,Name=mmu-mir-423,-,Alias=MI0004637,intronic miR
chr11,77467518,77467574,miRNA_primary_transcript,Name=mmu-mir-12181,+,Alias=MI0040619,intronic miR
chr11,96317165,96317274,miRNA_primary_transcript,Name=mmu-mir-10a,+,Alias=MI0000685,intronic miR
chr11,101030340,101030409,miRNA_primary_transcript,Name=mmu-mir-6928,+,Alias=MI0022775,intronic miR
chr11,107637722,107637779,miRNA_primary_transcript,Name=mmu-mir-6932,+,Alias=MI0022779,intronic miR
chr11,119154076,119154137,miRNA_primary_transcript,Name=mmu-mir-6934,-,Alias=MI0022781,intronic miR
chr11,121387145,121387204,miRNA_primary_transcript,Name=mmu-mir-7236,-,Alias=MI0023731,intronic miR
chr11,4139364,4139446,miRNA_primary_transcript,Name=mmu-mir-3060,+,Alias=MI0014022,intronic miR
chr11,4891345,4891402,miRNA_primary_transcript,Name=mmu-mir-6918,+,Alias=MI0022765,intronic miR
chr11,6401630,6401693,miRNA_primary_transcript,Name=mmu-mir-7651,+,Alias=MI0024989,intronic miR
chr11,28746191,28746276,miRNA_primary_transcript,Name=mmu-mir-216b,+,Alias=MI0004126,intronic miR
chr11,28757012,28757083,miRNA_primary_transcript,Name=mmu-mir-216a,+,Alias=MI0000699,intronic miR
chr11,28763728,28763835,miRNA_primary_transcript,Name=mmu-mir-217,+,Alias=MI0000731,intronic miR
chr11,46170087,46170143,miRNA_primary_transcript,Name=mmu-mir-7239,+,Alias=MI0023734,intronic miR
chr11,50232245,50232306,miRNA_primary_transcript,Name=mmu-mir-6919,+,Alias=MI0022766,intronic miR
chr11,53409197,53409267,miRNA_primary_transcript,Name=mmu-mir-6920,+,Alias=MI0022767,intronic miR
chr11,60200538,60200617,miRNA_primary_transcript,Name=mmu-mir-6921,-,Alias=MI0022768,intronic miR
chr11,60202262,60202327,miRNA_primary_transcript,Name=mmu-mir-6922,-,Alias=MI0022769,intronic miR
chr11,60728663,60728726,miRNA_primary_transcript,Name=mmu-mir-5100,+,Alias=MI0018008,intronic miR
chr11,65734733,65734832,miRNA_primary_transcript,Name=mmu-mir-744,-,Alias=MI0004124,intronic miR
chr11,67099804,67099875,miRNA_primary_transcript,Name=mmu-mir-6923,+,Alias=MI0022770,intronic miR
chr11,69882032,69882094,miRNA_primary_transcript,Name=mmu-mir-6924,-,Alias=MI0022771,intronic miR
chr11,70438255,70438318,miRNA_primary_transcript,Name=mmu-mir-7115,+,Alias=MI0022966,intronic miR
chr11,74868127,74868194,miRNA_primary_transcript,Name=mmu-mir-6926,-,Alias=MI0022773,intronic miR
chr11,75551429,75551511,miRNA_primary_transcript,Name=mmu-mir-3971,+,Alias=MI0016981,intronic miR
chr11,82985003,82985065,miRNA_primary_transcript,Name=mmu-mir-7679,-,Alias=MI0025024,intronic miR
chr11,87113004,87113089,miRNA_primary_transcript,Name=mmu-mir-301a,+,Alias=MI0000401,intronic miR
chr11,96850393,96850465,miRNA_primary_transcript,Name=mmu-mir-152,+,Alias=MI0000174,intronic miR
chr11,97063768,97063874,miRNA_primary_transcript,Name=mmu-mir-8103,+,Alias=MI0026033,intronic miR
chr11,97146364,97146419,miRNA_primary_transcript,Name=mmu-mir-7235,-,Alias=MI0023730,intronic miR
chr11,97677060,97677130,miRNA_primary_transcript,Name=mmu-mir-6927,+,Alias=MI0022774,intronic miR
chr11,100478411,100478480,miRNA_primary_transcript,Name=mmu-mir-7116,-,Alias=MI0022967,intronic miR
chr11,101419187,101419253,miRNA_primary_transcript,Name=mmu-mir-6929,-,Alias=MI0022776,intronic miR
chr11,102404920,102404987,miRNA_primary_transcript,Name=mmu-mir-6930,-,Alias=MI0022777,intronic miR
chr11,106782693,106782759,miRNA_primary_transcript,Name=mmu-mir-3064,-,Alias=MI0014026,intronic miR
chr11,115795824,115795886,miRNA_primary_transcript,Name=mmu-mir-5621,+,Alias=MI0019189,intronic miR
chr11,117077348,117077457,miRNA_primary_transcript,Name=mmu-mir-6516,+,Alias=MI0022266,intronic miR
chr11,118002270,118002350,miRNA_primary_transcript,Name=mmu-mir-6933,+,Alias=MI0022780,intronic miR
chr11,120014765,120014862,miRNA_primary_transcript,Name=mmu-mir-338,-,Alias=MI0000619,intronic miR
chr11,120347350,120347413,miRNA_primary_transcript,Name=mmu-mir-6935,-,Alias=MI0022782,intronic miR
chr11,120624823,120624876,miRNA_primary_transcript,Name=mmu-mir-6936,-,Alias=MI0022783,intronic miR
chr12,11299887,11299944,miRNA_primary_transcript,Name=mmu-mir-7675,+,Alias=MI0025016,intronic miR
chr12,81166151,81166234,miRNA_primary_transcript,Name=mmu-mir-3067,+,Alias=MI0014029,intronic miR
chr12,101021673,101021768,miRNA_primary_transcript,Name=mmu-mir-1190,-,Alias=MI0006294,intronic miR
chr12,102684928,102685020,miRNA_primary_transcript,Name=mmu-mir-1936,-,Alias=MI0009925,intronic miR
chr12,108658620,108658718,miRNA_primary_transcript,Name=mmu-mir-342,+,Alias=MI0000627,intronic miR
chr12,112733322,112733391,miRNA_primary_transcript,Name=mmu-mir-6940,+,Alias=MI0022787,intronic miR
chr12,117250817,117250885,miRNA_primary_transcript,Name=mmu-mir-153,+,Alias=MI0000175,intronic miR
chr12,15800994,15801101,miRNA_primary_transcript,Name=mmu-mir-6387,-,Alias=MI0021919,intronic miR
chr12,17355392,17355474,miRNA_primary_transcript,Name=mmu-mir-3066,+,Alias=MI0014028,intronic miR
chr12,28679325,28679389,miRNA_primary_transcript,Name=mmu-mir-6937,+,Alias=MI0022784,intronic miR
chr12,40222712,40222811,miRNA_primary_transcript,Name=mmu-mir-1938,-,Alias=MI0009927,intronic miR
chr12,69763835,69763944,miRNA_primary_transcript,Name=mmu-mir-681,-,Alias=MI0004643,intronic miR
chr12,85245923,85245985,miRNA_primary_transcript,Name=mmu-mir-6938,-,Alias=MI0022785,intronic miR
chr12,87437679,87437757,miRNA_primary_transcript,Name=mmu-mir-3068,-,Alias=MI0014030,intronic miR
chr12,109611500,109611595,miRNA_primary_transcript,Name=mmu-mir-341,+,Alias=MI0000625,intronic miR
chr12,109611822,109611941,miRNA_primary_transcript,Name=mmu-mir-1188,+,Alias=MI0006290,intronic miR
chr12,109618258,109618336,miRNA_primary_transcript,Name=mmu-mir-370,+,Alias=MI0001165,intronic miR
chr12,109735619,109735700,miRNA_primary_transcript,Name=mmu-mir-453,+,Alias=MI0005497,intronic miR
chr12,109738433,109738498,miRNA_primary_transcript,Name=mmu-mir-154,+,Alias=MI0000176,intronic miR
chr12,109739119,109739197,miRNA_primary_transcript,Name=mmu-mir-496a,+,Alias=MI0004589,intronic miR
chr12,109740510,109740577,miRNA_primary_transcript,Name=mmu-mir-377,+,Alias=MI0000794,intronic miR
chr12,109742409,109742498,miRNA_primary_transcript,Name=mmu-mir-541,+,Alias=MI0003521,intronic miR
chr12,109743158,109743236,miRNA_primary_transcript,Name=mmu-mir-409,+,Alias=MI0001160,intronic miR
chr12,109743418,109743496,miRNA_primary_transcript,Name=mmu-mir-369,+,Alias=MI0003535,intronic miR
chr12,109747878,109747960,miRNA_primary_transcript,Name=mmu-mir-3072,+,Alias=MI0014035,intronic miR
chr12,112109238,112109322,miRNA_primary_transcript,Name=mmu-mir-3073a,+,Alias=MI0014036,intronic miR
chr12,112659277,112659351,miRNA_primary_transcript,Name=mmu-mir-6939,-,Alias=MI0022786,intronic miR
chr13,109324744,109324824,miRNA_primary_transcript,Name=mmu-mir-582,+,Alias=MI0006127,intronic miR
chr13,109903809,109903888,miRNA_primary_transcript,Name=mmu-mir-1904,+,Alias=MI0008323,intronic miR
chr13,40865791,40865862,miRNA_primary_transcript,Name=mmu-mir-5124a,+,Alias=MI0018035,intronic miR
chr13,28710781,28710873,miRNA_primary_transcript,Name=mmu-mir-6368,-,Alias=MI0021897,intronic miR
chr13,58023125,58023200,miRNA_primary_transcript,Name=mmu-mir-874,-,Alias=MI0005479,intronic miR
chr13,93790777,93790837,miRNA_primary_transcript,Name=mmu-mir-5624,+,Alias=MI0019193,intronic miR
chr13,113035983,113036091,miRNA_primary_transcript,Name=mmu-mir-449c,+,Alias=MI0004645,intronic miR
chr13,113037419,113037498,miRNA_primary_transcript,Name=mmu-mir-449b,+,Alias=MI0005547,intronic miR
chr13,113037534,113037624,miRNA_primary_transcript,Name=mmu-mir-449a,+,Alias=MI0001649,intronic miR
chr13,21396578,21396638,miRNA_primary_transcript,Name=mmu-mir-6942,-,Alias=MI0022789,intronic miR
chr13,55453106,55453171,miRNA_primary_transcript,Name=mmu-mir-6943,+,Alias=MI0022790,intronic miR
chr13,55477681,55477776,miRNA_primary_transcript,Name=mmu-mir-6944,-,Alias=MI0022791,intronic miR
chr13,55507625,55507692,miRNA_primary_transcript,Name=mmu-mir-6945,-,Alias=MI0022792,intronic miR
chr13,58392779,58392886,miRNA_primary_transcript,Name=mmu-mir-7a-1,-,Alias=MI0000728,intronic miR
chr14,62865542,62865651,miRNA_primary_transcript,Name=mmu-mir-6541,+,Alias=MI0022358,intronic miR
chr14,118592369,118592472,miRNA_primary_transcript,Name=mmu-mir-6391,-,Alias=MI0021925,intronic miR
chr14,25534439,25534523,miRNA_primary_transcript,Name=mmu-mir-3075,+,Alias=MI0014038,intronic miR
chr14,34894609,34894706,miRNA_primary_transcript,Name=mmu-mir-346,+,Alias=MI0000634,intronic miR
chr14,54643049,54643110,miRNA_primary_transcript,Name=mmu-mir-6948,-,Alias=MI0022795,intronic miR
chr14,57798424,57798487,miRNA_primary_transcript,Name=mmu-mir-3077,+,Alias=MI0014040,intronic miR
chr14,61631880,61631972,miRNA_primary_transcript,Name=mmu-mir-16-1,-,Alias=MI0000565,intronic miR
chr14,61632027,61632110,miRNA_primary_transcript,Name=mmu-mir-15a,-,Alias=MI0000564,intronic miR
chr14,63727189,63727267,miRNA_primary_transcript,Name=mmu-mir-598,+,Alias=MI0005556,intronic miR
chr14,67859636,67859745,miRNA_primary_transcript,Name=mmu-mir-6539,-,Alias=MI0022355,intronic miR
chr14,73206763,73206851,miRNA_primary_transcript,Name=mmu-mir-687,-,Alias=MI0004652,intronic miR
chr14,20690635,20690703,miRNA_primary_transcript,Name=mmu-mir-6946,+,Alias=MI0022793,intronic miR
chr14,29988888,29988952,miRNA_primary_transcript,Name=mmu-mir-6947,+,Alias=MI0022794,intronic miR
chr14,54949060,54949142,miRNA_primary_transcript,Name=mmu-mir-208a,-,Alias=MI0000555,intronic miR
chr14,56082401,56082468,miRNA_primary_transcript,Name=mmu-mir-6949,-,Alias=MI0022796,intronic miR
chr14,118258634,118258736,miRNA_primary_transcript,Name=mmu-mir-6241,+,Alias=MI0021588,intronic miR
chr15,100649163,100649229,miRNA_primary_transcript,Name=mmu-mir-6961,-,Alias=MI0022808,intronic miR
chr15,53614205,53614279,miRNA_primary_transcript,Name=mmu-mir-28c,-,Alias=MI0016966,intronic miR
chr15,73254815,73254882,miRNA_primary_transcript,Name=mmu-mir-151,-,Alias=MI0000173,intronic miR
chr15,82959218,82959296,miRNA_primary_transcript,Name=mmu-mir-3080,-,Alias=MI0014043,intronic miR
chr15,25948227,25948287,miRNA_primary_transcript,Name=mmu-mir-7212,+,Alias=MI0023707,intronic miR
chr15,27571494,27571558,miRNA_primary_transcript,Name=mmu-mir-7117,+,Alias=MI0022968,intronic miR
chr15,76433214,76433273,miRNA_primary_transcript,Name=mmu-mir-6954,+,Alias=MI0022801,intronic miR
chr15,80646073,80646136,miRNA_primary_transcript,Name=mmu-mir-6957,+,Alias=MI0022804,intronic miR
chr15,82198122,82198190,miRNA_primary_transcript,Name=mmu-mir-33,+,Alias=MI0000707,intronic miR
chr15,83362904,83362959,miRNA_primary_transcript,Name=mmu-mir-12186,-,Alias=MI0040626,intronic miR
chr15,101193869,101193931,miRNA_primary_transcript,Name=mmu-mir-6962,+,Alias=MI0022809,intronic miR
chr15,103285125,103285221,miRNA_primary_transcript,Name=mmu-mir-148b,+,Alias=MI0000617,intronic miR
chr15,12171492,12171574,miRNA_primary_transcript,Name=mmu-mir-1898,+,Alias=MI0008324,intronic miR
chr15,38490473,38490547,miRNA_primary_transcript,Name=mmu-mir-6951,-,Alias=MI0022798,intronic miR
chr15,76064828,76064888,miRNA_primary_transcript,Name=mmu-mir-6952,-,Alias=MI0022799,intronic miR
chr15,76215611,76215673,miRNA_primary_transcript,Name=mmu-mir-1942,-,Alias=MI0009931,intronic miR
chr15,76248191,76248258,miRNA_primary_transcript,Name=mmu-mir-6953,+,Alias=MI0022800,intronic miR
chr15,78891840,78891913,miRNA_primary_transcript,Name=mmu-mir-6955,+,Alias=MI0022802,intronic miR
chr15,79002223,79002284,miRNA_primary_transcript,Name=mmu-mir-6956,+,Alias=MI0022803,intronic miR
chr15,79375228,79375300,miRNA_primary_transcript,Name=mmu-mir-1943,-,Alias=MI0009932,intronic miR
chr15,79998970,79999026,miRNA_primary_transcript,Name=mmu-mir-7213,-,Alias=MI0023708,intronic miR
chr15,84951526,84951623,miRNA_primary_transcript,Name=mmu-mir-1249,-,Alias=MI0004132,intronic miR
chr15,89162848,89162908,miRNA_primary_transcript,Name=mmu-mir-7118,-,Alias=MI0022969,intronic miR
chr15,89305658,89305732,miRNA_primary_transcript,Name=mmu-mir-6959,-,Alias=MI0022806,intronic miR
chr15,99080805,99080865,miRNA_primary_transcript,Name=mmu-mir-6960,+,Alias=MI0022807,intronic miR
chr15,101369352,101369434,miRNA_primary_transcript,Name=mmu-mir-1941,+,Alias=MI0009930,intronic miR
chr15,103014910,103015001,miRNA_primary_transcript,Name=mmu-mir-615,+,Alias=MI0005004,intronic miR
chr15,103350455,103350525,miRNA_primary_transcript,Name=mmu-mir-6963,-,Alias=MI0022810,intronic miR
chr16,28599935,28600043,miRNA_primary_transcript,Name=mmu-mir-690,-,Alias=MI0004658,intronic miR
chr16,74341990,74342067,miRNA_primary_transcript,Name=mmu-mir-691,-,Alias=MI0004659,intronic miR
chr16,22532056,22532184,miRNA_primary_transcript,Name=mmu-mir-8095,-,Alias=MI0026022,intronic miR
chr16,24827855,24827940,miRNA_primary_transcript,Name=mmu-mir-28a,+,Alias=MI0000690,intronic miR
chr16,42303362,42303469,miRNA_primary_transcript,Name=mmu-mir-6540,-,Alias=MI0022356,intronic miR
chr16,97877233,97877291,miRNA_primary_transcript,Name=mmu-mir-6964,-,Alias=MI0022811,intronic miR
chr16,5215789,5215874,miRNA_primary_transcript,Name=mmu-mir-6364,-,Alias=MI0021893,intronic miR
chr16,13449523,13449601,miRNA_primary_transcript,Name=mmu-mir-193b,+,Alias=MI0005484,intronic miR
chr16,13453840,13453926,miRNA_primary_transcript,Name=mmu-mir-365-1,+,Alias=MI0000768,intronic miR
chr16,17124061,17124142,miRNA_primary_transcript,Name=mmu-mir-130b,-,Alias=MI0000408,intronic miR
chr16,17124400,17124496,miRNA_primary_transcript,Name=mmu-mir-301b,-,Alias=MI0004122,intronic miR
chr16,18327401,18327465,miRNA_primary_transcript,Name=mmu-mir-185,-,Alias=MI0000227,intronic miR
chr16,20604452,20604536,miRNA_primary_transcript,Name=mmu-mir-1224,+,Alias=MI0004118,intronic miR
chr16,21256013,21256066,miRNA_primary_transcript,Name=mmu-mir-7680,-,Alias=MI0025025,intronic miR
chr16,33105361,33105445,miRNA_primary_transcript,Name=mmu-mir-1947,+,Alias=MI0009937,intronic miR
chr16,44558046,44558129,miRNA_primary_transcript,Name=mmu-mir-3081,-,Alias=MI0014044,intronic miR
chr17,67026147,67026235,miRNA_primary_transcript,Name=mmu-mir-5709,-,Alias=MI0019318,intronic miR
chr17,24240884,24240947,miRNA_primary_transcript,Name=mmu-mir-6965,-,Alias=MI0022812,intronic miR
chr17,25245551,25245638,miRNA_primary_transcript,Name=mmu-mir-3547,-,Alias=MI0022813,intronic miR
chr17,25780808,25780879,miRNA_primary_transcript,Name=mmu-mir-6966,+,Alias=MI0022814,intronic miR
chr17,26935472,26935539,miRNA_primary_transcript,Name=mmu-mir-6968,+,Alias=MI0022816,intronic miR
chr17,27328385,27328460,miRNA_primary_transcript,Name=mmu-mir-7216,+,Alias=MI0023711,intronic miR
chr17,28558441,28558501,miRNA_primary_transcript,Name=mmu-mir-6969,-,Alias=MI0022817,intronic miR
chr17,29595538,29595600,miRNA_primary_transcript,Name=mmu-mir-7667,+,Alias=MI0025007,intronic miR
chr17,34841809,34841871,miRNA_primary_transcript,Name=mmu-mir-6971,-,Alias=MI0022819,intronic miR
chr17,34845101,34845167,miRNA_primary_transcript,Name=mmu-mir-6970,-,Alias=MI0022818,intronic miR
chr17,34857569,34857632,miRNA_primary_transcript,Name=mmu-mir-6972,-,Alias=MI0022820,intronic miR
chr17,35194972,35195049,miRNA_primary_transcript,Name=mmu-mir-6973a,+,Alias=MI0022821,intronic miR
chr17,35204475,35204557,miRNA_primary_transcript,Name=mmu-mir-6974,-,Alias=MI0022822,intronic miR
chr17,35244075,35244135,miRNA_primary_transcript,Name=mmu-mir-6975,+,Alias=MI0022823,intronic miR
chr17,35960730,35960814,miRNA_primary_transcript,Name=mmu-mir-877,-,Alias=MI0005553,intronic miR
chr17,46231531,46231619,miRNA_primary_transcript,Name=mmu-mir-693,+,Alias=MI0004662,intronic miR
chr17,46553827,46553889,miRNA_primary_transcript,Name=mmu-mir-6976,-,Alias=MI0022824,intronic miR
chr17,56418846,56418909,miRNA_primary_transcript,Name=mmu-mir-6977,-,Alias=MI0022825,intronic miR
chr17,57217172,57217228,miRNA_primary_transcript,Name=mmu-mir-6978,-,Alias=MI0022826,intronic miR
chr18,66219264,66219333,miRNA_primary_transcript,Name=mmu-mir-694,-,Alias=MI0004664,intronic miR
chr18,10785446,10785567,miRNA_primary_transcript,Name=mmu-mir-1b,+,Alias=MI0006283,intronic miR
chr18,12714811,12714895,miRNA_primary_transcript,Name=mmu-mir-1948,+,Alias=MI0009939,intronic miR
chr18,37854605,37854660,miRNA_primary_transcript,Name=mmu-mir-6979,-,Alias=MI0022827,intronic miR
chr18,60953873,60953932,miRNA_primary_transcript,Name=mmu-mir-7220,+,Alias=MI0023715,intronic miR
chr18,60958073,60958140,miRNA_primary_transcript,Name=mmu-mir-6982,+,Alias=MI0022830,intronic miR
chr18,61397835,61397900,miRNA_primary_transcript,Name=mmu-mir-378a,-,Alias=MI0000795,intronic miR
chr18,10782909,10782976,miRNA_primary_transcript,Name=mmu-mir-133a-1,-,Alias=MI0000159,intronic miR
chr18,10785481,10785552,miRNA_primary_transcript,Name=mmu-mir-1a-2,-,Alias=MI0000652,intronic miR
chr18,24429110,24429170,miRNA_primary_transcript,Name=mmu-mir-187,-,Alias=MI0000229,intronic miR
chr18,35554567,35554636,miRNA_primary_transcript,Name=mmu-mir-1949,+,Alias=MI0009940,intronic miR
chr18,37974503,37974617,miRNA_primary_transcript,Name=mmu-mir-6981,-,Alias=MI0022829,intronic miR
chr18,37990887,37990945,miRNA_primary_transcript,Name=mmu-mir-6980,-,Alias=MI0022828,intronic miR
chr18,61117468,61117531,miRNA_primary_transcript,Name=mmu-mir-6983,+,Alias=MI0022831,intronic miR
chr18,61647825,61647894,miRNA_primary_transcript,Name=mmu-mir-145a,-,Alias=MI0000169,intronic miR
chr18,61649196,61649258,miRNA_primary_transcript,Name=mmu-mir-143,-,Alias=MI0000257,intronic miR
chr19,58051167,58051236,miRNA_primary_transcript,Name=mmu-mir-5623,+,Alias=MI0019191,intronic miR
chr19,11923728,11923800,miRNA_primary_transcript,Name=mmu-mir-6994,+,Alias=MI0022842,intronic miR
chr19,22750605,22750672,miRNA_primary_transcript,Name=mmu-mir-204,+,Alias=MI0000247,intronic miR
chr19,34820687,34820773,miRNA_primary_transcript,Name=mmu-mir-107,-,Alias=MI0000684,intronic miR
chr19,44808406,44808529,miRNA_primary_transcript,Name=mmu-mir-6405,+,Alias=MI0021941,intronic miR
chr19,47273519,47273589,miRNA_primary_transcript,Name=mmu-mir-6995,-,Alias=MI0022843,intronic miR
chr19,53010656,53010756,miRNA_primary_transcript,Name=mmu-mir-6407,-,Alias=MI0021944,intronic miR
chr19,58911673,58911759,miRNA_primary_transcript,Name=mmu-mir-3086,-,Alias=MI0014049,intronic miR
chr19,3288920,3288983,miRNA_primary_transcript,Name=mmu-mir-6984,+,Alias=MI0022832,intronic miR
chr19,4263818,4263878,miRNA_primary_transcript,Name=mmu-mir-6985,-,Alias=MI0022833,intronic miR
chr19,4623898,4623955,miRNA_primary_transcript,Name=mmu-mir-6986,-,Alias=MI0022834,intronic miR
chr19,5679004,5679076,miRNA_primary_transcript,Name=mmu-mir-6987,-,Alias=MI0022835,intronic miR
chr19,6051334,6051392,miRNA_primary_transcript,Name=mmu-mir-6988,+,Alias=MI0022836,intronic miR
chr19,6134801,6134863,miRNA_primary_transcript,Name=mmu-mir-12193,-,Alias=MI0040636,intronic miR
chr19,6346480,6346544,miRNA_primary_transcript,Name=mmu-mir-6989,+,Alias=MI0022837,intronic miR
chr19,8742971,8743079,miRNA_primary_transcript,Name=mmu-mir-6992,+,Alias=MI0022840,intronic miR
chr19,10191375,10191439,miRNA_primary_transcript,Name=mmu-mir-6993,+,Alias=MI0022841,intronic miR
chr19,23149431,23149551,miRNA_primary_transcript,Name=mmu-mir-1192,+,Alias=MI0006297,intronic miR
chr19,24942235,24942303,miRNA_primary_transcript,Name=mmu-mir-3084-1,-,Alias=MI0014047,intronic miR
chr19,29135279,29135375,miRNA_primary_transcript,Name=mmu-mir-101b,+,Alias=MI0000649,intronic miR
chr19,34965396,34965469,miRNA_primary_transcript,Name=mmu-mir-1950,+,Alias=MI0009941,intronic miR
chr19,46342762,46342870,miRNA_primary_transcript,Name=mmu-mir-146b,+,Alias=MI0004665,intronic miR
chr19,47755022,47755157,miRNA_primary_transcript,Name=mmu-mir-8090,-,Alias=MI0026017,intronic miR
