hostgene_NCBI_ID,hostgene_Name,hostgene_strand,miR_name,miR_strand,region,pre_mRNA_length,mature_host_mRNA_Length,gene_type,pre-miRNA_sequences
XM_030248982.1,Strbp,-,mmu-mir-5128,-,5'UTR,119856.0,20102,protein-coding gene,UCUUAAUUACUGAGGUCUUUCUAGCUCCUGUUUUACUAAUUUAAAAAGUGCAAUUGGGGCUGGCGAGAUGGCUUAGUGGUUAAG
NM_010434.2,Hipk3,-,mmu-mir-1902,-,3'UTR,68009.0,7497,protein-coding gene,GUUUAUUUUGGGAGUGUUUGCUGUAUAAUUGGACUUGAUAAAAUGUUUAGAGGUGCAGUAGGCAUGACUUGAGUAGAUAA
XM_006500575.3,Lama5,-,mmu-mir-7005,-,CDS,49526.0,11508,protein-coding gene,AGGGGCCUGGGGAUGGGAGGACCAGCAGAGAAAUUUGGCUUUCCUGUGCCUGCUACCCAUCCCUUGCAG
XM_011239023.3,Gad2,+,mmu-mir-3967,+,3'UTR,35260.0,5498,protein-coding gene,ACUGGCUGCACCUGACUCAGGCAGCAAGAAUUCUAUUGAGCUUGUCUGACUGAUGUUGGAGCACAAAU
XM_006498476.4,Cercam,+,mmu-mir-219b,+,5'UTR,37740.0,3436,protein-coding gene,AGAUGUCCAGCCACAAUUCUCGGUUGGCCGCAGACUCGUACAAGAAUUGCGUUUGGACAAUCAGU
NM_001004174.2,AA467197,+,mmu-mir-147,+,3'UTR,3190.0,640,protein-coding gene,UAUGAAUCUAGUGGAAACAUUUCUGCACAAACUAGAUGUUGAUGCCAGUGUGCGGAAAUGCUUCUGCUACAUUUGUAGG
NM_001355516.1,Rps21,+,mmu-mir-3091,+,5'UTR,996.0,494,protein-coding gene,UGCUUGCGGGCCAUGGGUCUGGUUGGGCCCGCAGACUCGGAGUGCGGGCCUGACCAGUCUCAAGACCUGCGUGGUA
NM_001289701.1,Pde4dip,-,mmu-mir-7225,-,3'UTR,198880.0,8413,protein-coding gene,ACGUAGACUGUGUAGAAGCCCUCUUGGCACUGCUUCUAGACAGCCUCUGCAGCA
NM_001114665.2,Fnbp1l,-,mmu-mir-7657,-,3'UTR,80996.0,5377,protein-coding gene,AAUAGUUGGAUAGUUAGGUAAAAUAACAGUCUUUUUCCUUGCUAUUCCCAACUUGGU
XM_030253236.1,Elavl2,-,mmu-mir-6402,-,5'UTR,123807.0,5341,protein-coding gene,GGGAUGGGAAUAUUAUAACUGUUUAGAGGGAGGUCAAAGAGGCACAGGCGCUCUCUGAGCAGUUUUCCCAGGAACCCGCA
XM_017320089.2,Slc9a1,+,mmu-mir-5122,+,5'UTR,53992.0,4210,protein-coding gene,GUCCGCUACCGCGGGACCCGGGGCUGUGUCAGGUCUGGAAGUGGAGCUGGAGCUGACCGAAGGAGCUGCCGCUGGGCCGGGGUGGAACA
NM_173427.2,Klhdc7a,-,mmu-mir-2139,-,CDS,5854.0,5854,protein-coding gene,AGAAGGAGCAGAGGGCCAGGACUGGCAUUUGGACAUGCAGCUGCCCAGCAAGGUGGUGCUGUCCGCAGCUGCGCUGCUCCUGGUAACUGCGGCUU
NM_198305.2,Klhl17,-,mmu-mir-7658,-,CDS,5814.0,3014,protein-coding gene,UGUGGGCGUGGCGGUGCUGGAGCUGCUCAACUUCCCACCACCUUCCUCACCCACGCU
NM_011027.4,P2rx7,+,mmu-mir-8115,+,3'UTR,40363.0,4920,protein-coding gene,CCCUGGAACUGGAACUGCAGGUGGUUGGGAGCCACCAUGGUGGUGUUGGGAAGUGAACUUGAGUCCUCCGCAAUAGCAACAAGGGCUCUUAACUACUGAGCCAUCUCUCCACCUUCAAA
NM_133913.2,Chpf2,+,mmu-mir-671,+,CDS,5738.0,3718,protein-coding gene,UGGCAGGCCAGGAAGAGGAGGAAGCCCUGGAGGGGCUGGAGGUGAUGGAUGUUUUCCUCCGGUUCUCAGGGCUCCACCUCUUUCGAGCCGUAGAGCCA
XM_006504547.4,Ache,+,mmu-mir-8116,+,3'UTR,6220.0,2879,protein-coding gene,GAGCCUGGUGUUGAGGGGAGAAGGAUCCGGGGCUAGUUGGCGUCAGCCAAAGGGCCUUAUAAUCGCCAACUAUUUCUGUAUCUUCUCUCUUUUCCCC
NM_177185.4,Ubn2,+,mmu-mir-7670,+,3'UTR,78839.0,14669,protein-coding gene,AUUCAGAUGGGCAGAUUGGGAAGUAGUCUUUGCACAUGAUGCUGGCUUCCCUUUCUGAAUAUCUGUAGA
NM_001003955.2,Rab11fip5,-,mmu-mir-705,-,3'UTR,39673.0,6124,protein-coding gene,AUGUCCCAGUAGUGGUGGGAGGUGGGGUGGGCACAGAGGGAAUGACUUCUUUCUCCUGCAGUCCUCCCUACCUCCCUAACAU
NM_133190.3,Cacng8,+,mmu-mir-935,+,CDS,22225.0,2116,protein-coding gene,GGCGGCGGCGCGGGCGGCAGUGGCGGGAGCGGCCCCUCGGCCAUCCUCCGUCUGCCCAGUUACCGCUUCCGCUACCGCCGCCGCUCCCGCU
XM_011250622.3,BC024978,+,mmu-mir-1191a,+,3'UTR,12427.0,6278,protein-coding gene,UGGAACCAGCCUGGUCUACAUAGCAACAUCUAAGCCAGCCAGGGCUACAUAGUGAGAACCUGCCUCAAAAGCAAAACAGCAGUCUUACUAUGUAGCCCUAGAUGGCCUAGAACUCCCUAU
NM_001364179.1,Hspb6,+,mmu-mir-9769,+,5'UTR,2904.0,1621,protein-coding gene,GGCUGAGUCAGAGGCACAGAAUUAGGCCCGACCUACUCUGGGGUAGGGUCUGUUCUGUGUCCUCCUGACUGCCUGGC
NM_001290694.1,Akt1s1,+,mmu-mir-707,+,5'UTR,5787.0,1839,protein-coding gene,GGCAUGCAGUCAUGCCGCUUGCCUACGCUUGUGUGAGCAUGGGCAUGCGGUCAUAGUUGUUGCGGGCAAUUCG
NM_177089.5,Tacc1,-,mmu-mir-8108,-,3'UTR,46991.0,7788,protein-coding gene,ACUCAUGCAUGUGUUCUCUACAUUCUGCCGCUUUUCCCCUGAGGCAUAUCCAGAUAAGACCCUCUGGGGAGGAGCGUAGUUACAGAAAGAAAUGUAGGCUCUUAUUUUG
NM_001371045.1,Mcf2l,+,mmu-mir-9768,+,5'UTR,72625.0,5225,protein-coding gene,AGCCGCAGCCUGUGGCACUCGGAGGACGGCACUGUGCAGCAAAGCCAGGGAGGCGUAGUAUCCCCAAGCAGCAAGCAGCCCAAGAUGGAGCUCCACUGCCUUCCUUUGUGUGGCCCAGGCGGGCUGGCCG
XM_006530766.4,Nrp1,+,mmu-mir-1903,+,5'UTR,146879.0,6026,protein-coding gene,UUUUUUUCCUCCUUCUUCUUCUUCCUGAGACAUGGCCCGGGCAGUGGCUCCUGGAAGAGGAACAAGUGUGGGAAAAGGGA
NM_176849.3,Arglu1,-,mmu-mir-7654,-,CDS,23962.0,1712,protein-coding gene,GGAGUCGCGCUCCCGCUCGCGCUCCACCAACGCGGCGGCAUCCCGGCGCGAGCGGGAGCGCGCCUCGUCC
NM_001291292.1,Misp3,-,mmu-mir-1199,-,CDS,1493.0,907,protein-coding gene,AGCCUGCGCCGGAGCCGGGGUCUGAGUCCCGGUCGCGCGGGCGAGGAACUCAUUGAGUUGCGCGUGCGGCCGGUGCUCAGUCGGCCCGGCUCCGGUACUCCGCUGCCGCGCGCCCUGGA
XM_006531376.3,Nup93,+,mmu-mir-138-2,+,3'UTR,59626.0,15951,protein-coding gene,CAGCUGGUGUUGUGAAUCAGGCCGACGAGCAGCGCAUCCUCUUACCCGGCUAUUUCACGACACCAGGGUUG
NM_170777.4,Elof1,-,mmu-mir-7084,-,5'UTR,2325.0,2197,protein-coding gene,GCUUCUAGAGGAUAGAGGUAGAGAGUGGCCAGCUGCUGCCAGCCUCUGACCCCUGUCCUCUGCACCACAG
NM_033320.5,Glce,-,mmu-mir-5133,-,5'UTR,65366.0,4853,protein-coding gene,CGCCGAGAGGCUGGAGCUGCGGCAGCGCAGGCCUGGGCCGCCGUGUCUCUGCCGCUCGCUUCAGUUUUCCUCAGGGC
XM_006511792.2,Dalrd3,+,mmu-mir-425,+,5'UTR,5290.0,3933,protein-coding gene,AAAGUGCUUUGGAAUGACACGAUCACUCCCGUUGAGUGGGCACCCAAGAAGCCAUCGGGAAUGUCGUGUCCGCCCAGUGCUCUUU
XM_006511793.2,Dalrd3,+,mmu-mir-191,+,5'UTR,5290.0,4059,protein-coding gene,AGCGGGCAACGGAAUCCCAAAAGCAGCUGUUGUCUCCAGAGCAUUCCAGCUGCACUUGGAUUUCGUUCCCUGCU
XM_006527989.4,Klhl15,+,mmu-mir-7673,+,3'UTR,45447.0,8657,protein-coding gene,UUUGACUGAGAGGUAAGGAAUGAGUUAUACUGUGUUACUCAUUCCUUACCUCACCGUCAAAGGA
XM_006528943.3,Huwe1,+,mmu-mir-3113,+,CDS,134113.0,14425,protein-coding gene,GGCCCUGGCCCGGGUCCUGGCCCUGGUCCGGGUCCUGGCCCUGGUCCUGGCCCUGGUCCUGGUCCUGGCCCUGGCC
NM_146234.4,Mmgt1,-,mmu-mir-5116,-,3'UTR,12433.0,4109,protein-coding gene,AUUUUGAUAGGAACCCCGCCUGAUGCUUUUUGGUUUGUUUCAGGCAGGGUCUUCAUAUCGAGA
NM_001290399.1,Cstf2,+,mmu-mir-3112,+,3'UTR,16688.0,2756,protein-coding gene,CUAAAUGAACAGUGACAUAGAAAAGGCAGUCUGCAUUUAUUCUGGAGCUGCAGUUUGUCUCUUCUUUGUCUCUGUCAGUUGG
NM_001009575.5,Armcx5,+,mmu-mir-7646,+,CDS,4637.0,2826,protein-coding gene,ACAAGAGAACUGAUCAGUGCUGAAGUAAUGUCCUCACUGGUCGCUCUCUUUCAC
XM_006513740.4,Ppm1h,+,mmu-mir-8104,+,CDS,185889.0,3075,protein-coding gene,CCGGAGUUCCUCGGGCUGUCUCAGGAUGAGGUGGAGUGCAGCGCAGACCACAUCGCCCGCCCCAUCCUCAUCCUCAAGGAGACCCGGCGGCUGCCCUGGGC
NM_001304720.1,Vezt,-,mmu-mir-331,-,3'UTR,74221.0,13956,protein-coding gene,GAGUCUGGUUUUGUUUGGGUUUGUUCUAGGUAUGGUCCCAGGGAUCCCAGAUCAAACCAGGCCCCUGGGCCUAUCCUAGAACCAACCUAAACCCGU
XM_011243561.2,Tspan15,-,mmu-mir-7662,-,5'UTR,7131.0,1599,protein-coding gene,AGGGCUGAGGCCUGGAUCCAGCAUACUGCUUCAGAGCUGGAGCCAGGCGGAUCAGCCUUGC
XM_017314013.2,Gm5134,+,mmu-mir-6409,+,3'UTR,55096.0,2796,protein-coding gene,GACGAGCAAUAACAGCUAGCGCGCAUGCGUGGACCAGAGACAAAGCUGUCCCCGUGUUUACAAACUGUGCGGGUGAGGAUGUGUGCUCCUCU
NM_001077638.2,Prmt2,-,mmu-mir-678,-,3'UTR,30640.0,2048,protein-coding gene,GUGGACUGUGACUUGCAGAGCUGUGCUCCAAUAUGAGAGAUGGCCAUGCACCCGUGUCUCGGUGCAAGGACUGGAGGUGGCAGU
NM_001113470.1,Ctdsp2,+,mmu-mir-546,+,3'UTR,21259.0,4823,protein-coding gene,CCUCUCUUCCCAAAACUAAACAGGAUCUAUCAUGGUGGCACGGAGUCAGCUAGAUGUUGUCUCUUGCUAUCCCUGUGCUAGUUCCAUGUUUUAGAAGCAAAGUGAUACUGGGGAGGAGAGG
NM_001356531.3,Vmp1,-,mmu-mir-21a,-,3'UTR,87324.0,2787,protein-coding gene,UGUACCACCUUGUCGGAUAGCUUAUCAGACUGAUGUUGACUGUUGAAUCUCAUGGCAACAGCAGUCGAUGGGCUGUCUGACAUUUUGGUAUC
XM_030246242.1,Rnf213,+,mmu-mir-1932,+,5'UTR,97052.0,17286,protein-coding gene,GCAGGCAGCCGGUCCAGCCUGGCCCUGAGUCUCCGACCCCAUUAACUCUCGGGUUGCGGACAGCGCUAGGUCGGCCCUGCUCCCCAGCAA
XM_006534054.2,Tlcd1,+,mmu-mir-7653,+,Span from CDS and 5'UTR,4061.0,3269,protein-coding gene,UAAGGGGCGGACAGACAGACGGCAGGAAGGGUCAGCAUGCCCCUACUGUUCCACCCCGCCU
NM_009951.4,Igf2bp1,-,mmu-mir-3063,-,3'UTR,48782.0,8382,protein-coding gene,GGCAUUUGGGCCUGGCUGGAGAUCAGGUUUGCACACUGUCUUGAGAACAAUGUUCCAGUGAGGAAUCCUGAUCUCUCGCCCCCAAUUGAGCC
XM_006534108.4,Cdk12,+,mmu-mir-5119,+,3'UTR,77045.0,20896,protein-coding gene,CAGGGCUGGCCUAUGGGACAGAUACUAUAAGUCAUCUCAUCCUGGGGCUGGGUCUGC
XM_030245587.1,Hdac5,-,mmu-mir-8101,-,5'UTR,34415.0,3712,protein-coding gene,CUCCGAAUGUUGUUGUUGGUGGCGGCGGCGAGCGGAGCCGGAGGAGCCGCCGCAAAGAUGGAGGAGCCGUCGAGGAGGCGCUGCCGCUGCUGUUGCCGCCGCUGCUGCCGC
XM_030246797.1,Rtl1,-,mmu-mir-3544,-,3'UTR,39519.0,30700,protein-coding gene,AGAAAGGCAUCAUAUAGGAGCUGAAUGGCUGUGCAAUCAACUCCUGCAUGACGCCGUUCCC
XM_030246797.1,Rtl1,-,mmu-mir-3071,-,CDS,39519.0,30700,protein-coding gene,GAACCCUCUGAAGACUCAUUUGAGACGAUGAUGGAGCUUAAGAAUCCAUCAUCAAAACAAAUGGAGUCCUCCGAGGGCUC
NM_134054.2,Sptssa,-,mmu-mir-1892,-,3'UTR,11199.0,1363,protein-coding gene,UGGAUAUAUUUCUACUCUUGACCAAAGUUUUGUAAGAAACAAUACAGAAUUUGGGGACGGGAGGGAGGAUACUUUGAGAA
NM_001289926.1,Aopep,+,mmu-mir-23b,+,3'UTR,337985.0,6765,protein-coding gene,GGCUGCUUGGGUUCCUGGCAUGCUGAUUUGUGACUUGAGAUUAAAAUCACAUUGCCAGGGAUUACCACGCAACC
NM_001289926.1,Aopep,+,mmu-mir-27b,+,3'UTR,337985.0,6765,protein-coding gene,AGGUGCAGAGCUUAGCUGAUUGGUGAACAGUGAUUGGUUUCCGCUUUGUUCACAGUGGCUAAGUUCUGCACCU
NM_001289926.1,Aopep,+,mmu-mir-24-1,+,3'UTR,337985.0,6765,protein-coding gene,CUCCGGUGCCUACUGAGCUGAUAUCAGUUCUCAUUUCACACACUGGCUCAGUUCAGCAGGAACAGGAG
XM_006519064.2,Wdfy2,+,mmu-mir-8098,+,5'UTR,123849.0,6589,protein-coding gene,GCCGGCUUGCGGCUAGUGUGGCGGCGGUGUUGGUUUUGGAAGCCAGAGCGGGCACAUUCCCUGGACAGGCGGCAGGGCUAUGGUCGCUGGCUCCCAAAGGCCCGCUCCGCUUCGCAGCCCGAUCCUGAGCGCAAGCC
NM_001284399.1,Ddhd1,-,mmu-mir-5131,-,5'UTR,64973.0,5173,protein-coding gene,GGCGGCGGCGUCGGAUGCGCGUGUGGCGGAAGCGCCGGCGGCAUGAACUACCCGGGCCGCGGCGCCCCACGGAGCCCCGAGCGUAACGGCCGC
NM_178668.3,Pde12,-,mmu-mir-7672,-,CDS,5730.0,3529,protein-coding gene,CGGUGGACUUGACAGCGGGCGACUCUGGAUCUCUGAUCUCGUCGGCUGCCAGGUUCAUGUGG
NM_011186.1,Psmb5,-,mmu-mir-686,-,CDS,3876.0,871,protein-coding gene,GCCACAGCAGGUGCUUAUAUUGCUUCCCAGACGGUGAAGAAAGUAAUAGAGAUCAACCCGUACCUUCUGGGCACCAUGGCUGGGGGUGCAGCGGAUUGCAGCUUCUGGG
NM_177715.4,Kctd12,-,mmu-mir-5130,-,5'UTR,6057.0,6057,protein-coding gene,CCUGGAGCGCGCGGGCGAGGCAGGCGCAGCGCACCGGGGCUCUCGUGGGCGCACUGCUGCGCGCUCGCACCGCGCGGCUCUCAG
NM_144812.3,Tnrc6b,+,mmu-mir-5113,+,3'UTR,229774.0,17333,protein-coding gene,UAGGGAUGGGACAGAGGAGGAGAGAGAUCCUGUUUAACUCACUGCAACACCAGGGUCACUCCCUCCUCUCUGCUCUCCCUGG
XM_030248827.1,Trps1,-,mmu-mir-1907,-,5'UTR,234665.0,10371,protein-coding gene,CCCAGCCCCACUCCCCCUCGCUGUCUCUUGCUGGCUGAUUUUAAUUCUCUCCUACCGGGAGCAGCAGAGGAUCUGGAGGUGGCUGGACCC
NM_013923.2,Rnf19a,-,mmu-mir-8097,-,3'UTR,43214.0,4276,protein-coding gene,UAUGGUGCUACUGAGCAUUUUCUUUUGGUAAACAAGGAAAAUGUCCGGGCUGCAGCCGUGUGCCGUCCGUCGUUUUCCUCGCUGCAUCCAUUAAUCUGCUUAGAGAACACUAGUGCCAG
NM_007781.3,Csf2rb2,-,mmu-mir-7676-1,-,CDS,23215.0,4740,protein-coding gene,AGGGCAGUAUGAUGGCCUCUGAUUAUGUCACUCCUGGAGAUCCGGUGCUCACUCUGCCCACA
NM_001358854.1,Csf2rb,+,mmu-mir-7676-2,+,CDS,25202.0,4852,protein-coding gene,AGGGCAGUAUGAUGGCCUCUGAUUAUGUCACUCCUGGAGAUCCGGUGCUCACUCUGCCCACA
NM_001104531.1,Cyp2d11,-,mmu-mir-7684,-,CDS,4869.0,1590,protein-coding gene,UCUGGGAAGCCUGGGCAGCAGUGGGGCAACCAUGGAGCUGCUGACUGGGGCUGGCCUGUG
XM_030248746.1,Dennd6b,-,mmu-mir-6958,-,CDS,13234.0,3647,protein-coding gene,GUGGGAGAAGAGGCUGCUGUGGGUGCCCCCAAGUCCGCUAGCUCAGCUCCUCAGCUGCCUCUUGCCAUCACAG
NM_001033441.3,Alg10b,+,mmu-mir-7648,+,5'UTR,6244.0,3727,protein-coding gene,CCGCGUUCCGGGCUCGGCGCUCCGGGCUGCCCAGGGCUGGGCCCGGGACGCGG
XM_030249355.1,Dgcr8,-,mmu-mir-1306,-,CDS,35149.0,8576,protein-coding gene,CAGUCUCCACCACCUCCCCUGCAAACGUCCAGUGAUGCAGAGGUAAUGGACGUUGGCUCUGGUGGUGAUGGACAGUCCG
XM_030249355.1,Dgcr8,-,mmu-mir-3618,-,5'UTR,35149.0,8576,protein-coding gene,UAAGCUGAGUGCAUUGUGAUUUCCAAUAAUUGAGGCAGUGGUUCUAAAAGCUGUCUACAUUAAUGAAAAGAGCAAUGUGGCCAGCUUG
XM_011246702.3,Srrm2,+,mmu-mir-5125,+,3'UTR,21601.0,9658,protein-coding gene,CGCCUUGCAGUCUAAGGAGAGCCCCAUGCCUUUGGACAUGCUGUUCCUUCUGCCUGGGAUUUCCUUGUCUGCCUGGUGA
NM_011930.4,Clcn7,+,mmu-mir-12188,+,Span from CDS and 3'UTR,28713.0,4070,protein-coding gene,UAGAAGAGCUUUCGCUGGCCCAGACGUGAGGGCUGGCCCCCCAGCCUUGGACAGCAGUACCCCAGCCCCUCUGC
XM_030249898.1,Ppp1r10,+,mmu-mir-1894,+,5'UTR,15497.0,6502,protein-coding gene,UCUUUGUUCUCUCUCCCCUACCACCUGCCUCUUCCCUGCUGUGGAGCAGGCAAGGGAGAGGGUGAAGGGAGGGCCAGCCAG
XM_006525524.4,Fam210a,-,mmu-mir-7219,-,3'UTR,39983.0,9649,protein-coding gene,UGUGUUAGAGCUCAGGGUUGAGAUCAUGUGAUCUAUCCGGGUUUCUAACACACU
NM_027497.3,Epc1,-,mmu-mir-1893,-,CDS,54907.0,3968,protein-coding gene,CCAGAGCGGAGAGGUAUCUGCUGCGCCUGAGAUGAGUAAACUGUCGUUUCGGGCGCGGGCGCUGGACGCCUCGAAGCCGCUGC
NM_001357457.1,Fam53c,+,mmu-mir-12191,+,5'UTR,14434.0,4449,protein-coding gene,CGCCUUUUAAGGGCACCGUGGGGCGAACGGAGCGCUCAGAGCUGCUCCGGCCGCGGCCCAUGGAGCUGUAGGAGCCGCG
NM_001370767.1,Lcor,+,mmu-mir-8091,+,3'UTR,113480.0,15221,protein-coding gene,UGGAGAUUUCCUUGUAGGGUGCUUGGAUUAGGUUAGGGGGAGGAGUGAGUGGUAAGCUGGUGGGAUGCUUCCAGUUCCCACCAGUUUAUAAUUCAUUCCGUUACUUUUCUGGUGGUGUUUUCAGUUUUCAAAGUUCACU
NM_009128.2,Scd2,+,mmu-mir-5114,+,Span from CDS and 3'UTR,13189.0,5453,protein-coding gene,ACUGGAGACGGAAGCUGCAAGAGCGGCUGAGUGUGGGGUCUUGCAGUUCCUGUUCCAGAAG
XM_006526902.2,Tectb,+,mmu-mir-6715,+,CDS,12274.0,1448,protein-coding gene,ACAGGCACCACAGGUUUGAGCAUUUUGAUUGAAUUGCCAAACCAGGCGUGCCUGUGG
NM_019924.2,Rps6ka4,-,mmu-mir-5046,-,Span from CDS and 3'UTR,11544.0,3132,protein-coding gene,UCCUAGCUCCCGCCACUGUGACCCCCUUACCUUUAGGAGCUCCGAUCCGGGAGCCUGGU
XM_017318209.2,Esrra,-,mmu-mir-6990,-,5'UTR,10733.0,1903,protein-coding gene,GCUUGCCCAGGGUGAGUCAGGGCUCUCCUGUCAUCUGGGCCCCCUCCGGGCUCUGGGAGGCCGCCACUGGAGCCCUGCCUCUUCCUGGCAG
XM_011247115.3,2700081O15Rik,+,mmu-mir-6991,+,CDS,8151.0,5040,protein-coding gene,AGCAGUGGAGAACAGGGACUGGGCCUGAUUGAUGGCACUCGCUCCAAGGCAGCCCUUUGUUCUUCUCCAG
XM_011247364.2,Zfp518a,+,mmu-mir-8092,+,5'UTR,23379.0,6831,protein-coding gene,GCAGCGCGGCGCUCGGCUUUCCGGCAGUACCCGGAUGGAGGGGUAAUGGCCGCCAUCUGGGACUCGCAGGCAAUGGGGACCACGGCA
