hostgene_NCBI_ID,hostgene_strand,hostgene_Name,pre_mRNA_length,miR_name,miR_strand,gene_type,pre-miRNA_sequences
NR_015566.2,+,A330023F24Rik,20510.0,mmu-mir-29b-2,+,non-coding gene,CUUCUGGAAGCUGGUUUCACAUGGUGGCUUAGAUUUUUCCAUCUUUGUAUCUAGCACCAUUUGAAAUCAGUGUUUUAGGAG
NR_015566.2,+,A330023F24Rik,20510.0,mmu-mir-29c,+,non-coding gene,AUCUCUUACACAGGCUGACCGAUUUCUCCUGGUGUUCAGAGUCUGUUUUUGUCUAGCACCAUUUGAAAUCGGUUAUGAUGUAGGGGGA
NR_131249.1,+,Lincmd1,13077.0,mmu-mir-133b,+,non-coding gene,CCUCCAAAGGGAGUGGCCCCCUGCUCUGGCUGGUCAAACGGAACCAAGUCCGUCUUCCUGAGAGGUUUGGUCCCCUUCAACCAGCUACAGCAGGGCUGGCAAAGCUCAAUAUUUGGAGA
NR_106184.1,-,Gm24148,147.0,mmu-mir-3535,-,non-coding gene,UUUGGGGCUGUCUUUAUGUUGUUGCUGAGAAAAUGACAACUGGAUAUGAUGACUGAUUACCUGAGAAAUAAUUGAUGAAAUCUCAAGAAAAUUCCUCUAGAUAGUCAAGUUCUGAUCCAGCUAUGUCAACUCAAAGCAGCAACCUUG
NR_162775.1,-,Gm51265,66.0,mmu-mir-5104b,-,non-coding gene,UGGGCCAUCUCUUUAGUCCAGAAAUACUUUUUAUGAAACAAAUCAGGGCUAGUGAGAUGGCUCAGC
NR_028518.1,+,Scarna3a,118.0,mmu-mir-1843b,+,non-coding gene,CAACAUGGAGGUCUCUGUCUGACUUAGGAUAGCUGGCUAAGUCCGAUCGUUCCCCUCCAUACAACC
NR_002870.2,+,Dnm3os,7928.0,mmu-mir-199a-2,+,non-coding gene,UGGAAGCUUCAGGAGAUCCUGCUCCGUCGCCCCAGUGUUCAGACUACCUGUUCAGGACAAUGCCGUUGUACAGUAGUCUGCACAUUGGUUAGACUGGGCAAGGGCCAGCA
NR_002870.2,+,Dnm3os,7928.0,mmu-mir-214,+,non-coding gene,GGCCUGGCUGGACAGAGUUGUCAUGUGUCUGCCUGUCUACACUUGCUGUGCAGAACAUCCGCUCACCUGUACAGCAGGCACAGACAGGCAGUCACAUGACAACCCAGCCU
NR_162776.1,+,Gm51287,63.0,mmu-mir-12178,+,non-coding gene,UAUGGGUGGCUGGUCUCAGAAGAGACCCCAUUUGUAUCACUUUUCUGACUCAGCCACCUGAGA
NR_162777.1,-,Gm51282,78.0,mmu-mir-12179,-,non-coding gene,UCUCUGUCCUCCAGUUCUGGGGUUAGUGAUGCAUGCAGACACAUCUAGUUUUUAACCUGGGAGCUGAGGACUGAGACU
XM_030248982.1,-,Strbp,119856.0,mmu-mir-5128,-,protein-coding gene,UCUUAAUUACUGAGGUCUUUCUAGCUCCUGUUUUACUAAUUUAAAAAGUGCAAUUGGGGCUGGCGAGAUGGCUUAGUGGUUAAG
NM_010434.2,-,Hipk3,68009.0,mmu-mir-1902,-,protein-coding gene,GUUUAUUUUGGGAGUGUUUGCUGUAUAAUUGGACUUGAUAAAAUGUUUAGAGGUGCAGUAGGCAUGACUUGAGUAGAUAA
XM_006500575.3,-,Lama5,49526.0,mmu-mir-7005,-,protein-coding gene,AGGGGCCUGGGGAUGGGAGGACCAGCAGAGAAAUUUGGCUUUCCUGUGCCUGCUACCCAUCCCUUGCAG
NR_130344.1,+,Gm25285,90.0,mmu-mir-466c-3,+,non-coding gene,UGUGUAUAUGUGUUGAUGUGUGUGUGCAUGUACAUAUGUGAAUAUGAUAUACAUAUACAUACACGCACACAUAAGACACAUAUGAGCACA
XM_011239023.3,+,Gad2,35260.0,mmu-mir-3967,+,protein-coding gene,ACUGGCUGCACCUGACUCAGGCAGCAAGAAUUCUAUUGAGCUUGUCUGACUGAUGUUGGAGCACAAAU
XM_006498476.4,+,Cercam,37740.0,mmu-mir-219b,+,protein-coding gene,AGAUGUCCAGCCACAAUUCUCGGUUGGCCGCAGACUCGUACAAGAAUUGCGUUUGGACAAUCAGU
NR_128563.1,+,Gm23363,79.0,mmu-mir-3154,+,non-coding gene,GGCCCCUCCUUCCCAACCCAGCUCCCGCUCACCCCUGCCACGUCAAAGGAGGCAGAAGGGGAGUCGGGAGCGGAGAGGG
NM_001004174.2,+,AA467197,3190.0,mmu-mir-147,+,protein-coding gene,UAUGAAUCUAGUGGAAACAUUUCUGCACAAACUAGAUGUUGAUGCCAGUGUGCGGAAAUGCUUCUGCUACAUUUGUAGG
XR_866224.3,-,Gfra4,2191.0,mmu-mir-6973b,-,non-coding gene,GUAGGUAUGGGGAGAGGACAGGGAGUUGACAGUUUCCGAAUCCUUCCCAUCUGUGCUCUCUUACCCUUCCUAGGCAAGGC
NM_001355516.1,+,Rps21,996.0,mmu-mir-3091,+,protein-coding gene,UGCUUGCGGGCCAUGGGUCUGGUUGGGCCCGCAGACUCGGAGUGCGGGCCUGACCAGUCUCAAGACCUGCGUGGUA
NR_015580.2,+,Sox2ot,117613.0,mmu-mir-1897,+,non-coding gene,AUUCUCCGUGCUUUGGAUGGAGAAAGAGGGGGGAAGUGCGAGCUCCUUCAACUCGUUCUGUCCGGUGAGGAGUGAUCCA
NM_001289701.1,-,Pde4dip,198880.0,mmu-mir-7225,-,protein-coding gene,ACGUAGACUGUGUAGAAGCCCUCUUGGCACUGCUUCUAGACAGCCUCUGCAGCA
NM_001114665.2,-,Fnbp1l,80996.0,mmu-mir-7657,-,protein-coding gene,AAUAGUUGGAUAGUUAGGUAAAAUAACAGUCUUUUUCCUUGCUAUUCCCAACUUGGU
NR_162797.1,-,Gm51272,57.0,mmu-mir-124b,-,non-coding gene,GCAUUCACCGCGUGCCUUAAUUGUAUGACAUUAAAUCAAGGUCCGCUGUGAACACGG
NR_162798.1,-,Gm51273,56.0,mmu-mir-12194,-,non-coding gene,AGGAGACACAGUCCUUGCAGGCAGUUCCAGCACGUCUGUGGGUCUGUUUGUCCGUC
NR_162799.1,-,Gm51274,65.0,mmu-mir-12195,-,non-coding gene,UGGGUAUAACAGUCUUGGCUGGAAUUUUUGGGCUCAGUCUUCCAGACAAGACUGUUAUACCCAGC
NR_162800.1,-,Gm25641,58.0,mmu-mir-9b-1,-,non-coding gene,UUCGGUUAUCUAGCUUUAUGAAGACUCCACACCACUCAUACAGCUAGAUAACCAAAGA
NR_162801.1,-,Gm51275,61.0,mmu-mir-3473h,-,non-coding gene,UAGGGGCUGGAAAGGUGACUCAGUGGUUAAGAGCACUGACUGCUCUUCCAGAGGUCCUGAG
XM_030253236.1,-,Elavl2,123807.0,mmu-mir-6402,-,protein-coding gene,GGGAUGGGAAUAUUAUAACUGUUUAGAGGGAGGUCAAAGAGGCACAGGCGCUCUCUGAGCAGUUUUCCCAGGAACCCGCA
NR_132734.1,-,Gm49890,32189.0,mmu-mir-31,-,non-coding gene,UGCUCCUGUAACUCGGAACUGGAGAGGAGGCAAGAUGCUGGCAUAGCUGUUGAACUGAGAACCUGCUAUGCCAACAUAUUGCCAUCUUUCCUGUCUGACAGCAGCU
NR_040708.1,-,E130102H24Rik,9725.0,mmu-mir-101a,-,non-coding gene,AGGCUGCCCUGGCUCAGUUAUCACAGUGCUGAUGCUGUCCAUUCUAAAGGUACAGUACUGUGAUAACUGAAGGAUGGCAGCCA
XM_017320089.2,+,Slc9a1,53992.0,mmu-mir-5122,+,protein-coding gene,GUCCGCUACCGCGGGACCCGGGGCUGUGUCAGGUCUGGAAGUGGAGCUGGAGCUGACCGAAGGAGCUGCCGCUGGGCCGGGGUGGAACA
NM_173427.2,-,Klhdc7a,5854.0,mmu-mir-2139,-,protein-coding gene,AGAAGGAGCAGAGGGCCAGGACUGGCAUUUGGACAUGCAGCUGCCCAGCAAGGUGGUGCUGUCCGCAGCUGCGCUGCUCCUGGUAACUGCGGCUU
NR_162802.1,-,Gm51276,55.0,mmu-mir-12196,-,non-coding gene,UCCUUUCUAGCUCACCUGUGACUGAGCUGAGAGUCACAGGUGAGCUAGAAAGUAU
NR_132444.1,-,Gm13648,7088.0,mmu-mir-429,-,non-coding gene,CCUGCUGAUGGAUGUCUUACCAGACAUGGUUAGAUCUGGAUGCAUCUGUCUAAUACUGUCUGGUAAUGCCGUCCAUCCACGGC
NM_198305.2,-,Klhl17,5814.0,mmu-mir-7658,-,protein-coding gene,UGUGGGCGUGGCGGUGCUGGAGCUGCUCAACUUCCCACCACCUUCCUCACCCACGCU
NM_011027.4,+,P2rx7,40363.0,mmu-mir-8115,+,protein-coding gene,CCCUGGAACUGGAACUGCAGGUGGUUGGGAGCCACCAUGGUGGUGUUGGGAAGUGAACUUGAGUCCUCCGCAAUAGCAACAAGGGCUCUUAACUACUGAGCCAUCUCUCCACCUUCAAA
NR_162803.1,-,Gm51277,57.0,mmu-mir-12197,-,non-coding gene,CUUCUCUGCAGUGCUGCCUUCUCUCUAGACUGUGAGUGGCGGGGCUGGGGACAUCGC
NR_155297.1,+,Chpf2,7655.0,mmu-mir-671,+,non-coding gene,UGGCAGGCCAGGAAGAGGAGGAAGCCCUGGAGGGGCUGGAGGUGAUGGAUGUUUUCCUCCGGUUCUCAGGGCUCCACCUCUUUCGAGCCGUAGAGCCA
NR_162804.1,+,Gm51292,62.0,mmu-mir-12198,+,non-coding gene,AGAGCACACGUCCAGCCAGAGUUCCUGUGCUCUAGGCGAGCAGACUCAGGAGGACUGCCGGA
NR_162805.1,-,Gm51293,63.0,mmu-mir-12199,-,non-coding gene,GGAACCAGAGAGAAUCCGGAGUGCUGGGUUCAGGAACUUCACACUGGUUCUCUCUGGCUCUCC
NR_162806.1,+,Gm51294,56.0,mmu-mir-12200,+,non-coding gene,AAACAAACCAGAGGCUCACACUGAUGAUUGUCAUAGUGUGAAUCUCCGGCGCGUUU
XM_006504547.4,+,Ache,6220.0,mmu-mir-8116,+,protein-coding gene,GAGCCUGGUGUUGAGGGGAGAAGGAUCCGGGGCUAGUUGGCGUCAGCCAAAGGGCCUUAUAAUCGCCAACUAUUUCUGUAUCUUCUCUCUUUUCCCC
NR_045009.2,-,Gm15987,22677.0,mmu-mir-7649,-,non-coding gene,UGACAGCAGUGCUGUAGACAUGGUCUCUCAGCAUCUCUCCAGCACUGCUUGUUUCU
NM_177185.4,+,Ubn2,78839.0,mmu-mir-7670,+,protein-coding gene,AUUCAGAUGGGCAGAUUGGGAAGUAGUCUUUGCACAUGAUGCUGGCUUCCCUUUCUGAAUAUCUGUAGA
NM_001003955.2,-,Rab11fip5,39673.0,mmu-mir-705,-,protein-coding gene,AUGUCCCAGUAGUGGUGGGAGGUGGGGUGGGCACAGAGGGAAUGACUUCUUUCUCCUGCAGUCCUCCCUACCUCCCUAACAU
NR_162807.1,-,Gm51278,58.0,mmu-mir-12201,-,non-coding gene,UGGAAGGAUGCCUCUUGCAGAUGUAGCAGAGGAGGUAUCUGCAGAGGCUUCCUUGGCU
NM_133190.3,+,Cacng8,22225.0,mmu-mir-935,+,protein-coding gene,GGCGGCGGCGCGGGCGGCAGUGGCGGGAGCGGCCCCUCGGCCAUCCUCCGUCUGCCCAGUUACCGCUUCCGCUACCGCCGCCGCUCCCGCU
XR_881738.3,-,Nlrp12,31129.0,mmu-mir-292b,-,non-coding gene,ACUCAAAACCUGGCGGCACUUUUCUUCCGAUGAAAAUCCAAAAGAGCCCCCAGUUUGAGUAU
NR_028425.1,+,D7Ertd143e,2232.0,mmu-mir-291a,+,non-coding gene,CCUAUGUAGCGGCCAUCAAAGUGGAGGCCCUCUCUUGAGCCUGAAUGAGAAAGUGCUUCCACUUUGUGUGCCACUGCAUGGG
NR_028425.1,+,D7Ertd143e,2232.0,mmu-mir-292a,+,non-coding gene,CAGCCUGUGAUACUCAAACUGGGGGCUCUUUUGGAUUUUCAUCGGAAGAAAAGUGCCGCCAGGUUUUGAGUGUCACCGGUUG
NR_028425.1,+,D7Ertd143e,2232.0,mmu-mir-291b,+,non-coding gene,ACAUACAGUGUCGAUCAAAGUGGAGGCCCUCUCCGCGGCUUGGCGGGAAAGUGCAUCCAUUUUGUUUGUCUCUGUGUGU
NR_028425.1,+,D7Ertd143e,2232.0,mmu-mir-293,+,non-coding gene,UUCAAUCUGUGGUACUCAAACUGUGUGACAUUUUGUUCUUUGUAAGAAGUGCCGCAGAGUUUGUAGUGUUGCCGAUUGAG
NR_028425.1,+,D7Ertd143e,2232.0,mmu-mir-294,+,non-coding gene,UUCCAUAUAGCCAUACUCAAAAUGGAGGCCCUAUCUAAGCUUUUAAGUGGAAAGUGCUUCCCUUUUGUGUGUUGCCAUGUGGAG
NR_028425.1,+,D7Ertd143e,2232.0,mmu-mir-295,+,non-coding gene,GGUGAGACUCAAAUGUGGGGCACACUUCUGGACUGUACAUAGAAAGUGCUACUACUUUUGAGUCUCUCC
NR_162808.1,+,Gm51297,66.0,mmu-mir-12202,+,non-coding gene,UGGUGCCUGGAUUGGAGGAUGAGAAUAUUUAUUAUUCAGAUCGCUCUUCUCUUUCCAGUCAUCAGC
XM_011250622.3,+,BC024978,12427.0,mmu-mir-1191a,+,protein-coding gene,UGGAACCAGCCUGGUCUACAUAGCAACAUCUAAGCCAGCCAGGGCUACAUAGUGAGAACCUGCCUCAAAAGCAAAACAGCAGUCUUACUAUGUAGCCCUAGAUGGCCUAGAACUCCCUAU
NM_001364179.1,+,Hspb6,2904.0,mmu-mir-9769,+,protein-coding gene,GGCUGAGUCAGAGGCACAGAAUUAGGCCCGACCUACUCUGGGGUAGGGUCUGUUCUGUGUCCUCCUGACUGCCUGGC
NM_001290694.1,+,Akt1s1,5787.0,mmu-mir-707,+,protein-coding gene,GGCAUGCAGUCAUGCCGCUUGCCUACGCUUGUGUGAGCAUGGGCAUGCGGUCAUAGUUGUUGCGGGCAAUUCG
NR_162809.1,-,Gm51285,58.0,mmu-mir-9b-3,-,non-coding gene,UUCGGUUAUCUAGCUUUAUGACGGCUCUGUGGCACUCAUACAGCUAGAUAACCAAAGA
NR_162810.1,-,Gm51279,63.0,mmu-mir-12203,-,non-coding gene,UGCCGGAGGGAUCGAUUGCUUCUCCUUUUCCAGCAAAGGAUGGAAUCUCUCCCUCUGGUCUGA
NR_130973.1,-,H19,2617.0,mmu-mir-675,-,non-coding gene,UGCGGCCCAGGGACUGGUGCGGAAAGGGCCCACAGUGGACUUGGUACACUGUAUGCCCUAACCGCUCAGUCCCUGGGUCUGGCA
NM_177089.5,-,Tacc1,46991.0,mmu-mir-8108,-,protein-coding gene,ACUCAUGCAUGUGUUCUCUACAUUCUGCCGCUUUUCCCCUGAGGCAUAUCCAGAUAAGACCCUCUGGGGAGGAGCGUAGUUACAGAAAGAAAUGUAGGCUCUUAUUUUG
NM_001371045.1,+,Mcf2l,72625.0,mmu-mir-9768,+,protein-coding gene,AGCCGCAGCCUGUGGCACUCGGAGGACGGCACUGUGCAGCAAAGCCAGGGAGGCGUAGUAUCCCCAAGCAGCAAGCAGCCCAAGAUGGAGCUCCACUGCCUUCCUUUGUGUGGCCCAGGCGGGCUGGCCG
XM_006530766.4,+,Nrp1,146879.0,mmu-mir-1903,+,protein-coding gene,UUUUUUUCCUCCUUCUUCUUCUUCCUGAGACAUGGCCCGGGCAGUGGCUCCUGGAAGAGGAACAAGUGUGGGAAAAGGGA
NM_176849.3,-,Arglu1,23962.0,mmu-mir-7654,-,protein-coding gene,GGAGUCGCGCUCCCGCUCGCGCUCCACCAACGCGGCGGCAUCCCGGCGCGAGCGGGAGCGCGCCUCGUCC
NM_001291292.1,-,Misp3,1493.0,mmu-mir-1199,-,protein-coding gene,AGCCUGCGCCGGAGCCGGGGUCUGAGUCCCGGUCGCGCGGGCGAGGAACUCAUUGAGUUGCGCGUGCGGCCGGUGCUCAGUCGGCCCGGCUCCGGUACUCCGCUGCCGCGCGCCCUGGA
XM_006531376.3,+,Nup93,59626.0,mmu-mir-138-2,+,protein-coding gene,CAGCUGGUGUUGUGAAUCAGGCCGACGAGCAGCGCAUCCUCUUACCCGGCUAUUUCACGACACCAGGGUUG
NR_162811.1,-,Gm51286,46.0,mmu-mir-12204,-,non-coding gene,UUGAGUCUUAGAUGAGUGUCUGGUUAUAGUCCCCUGAGAAGCACAG
NR_106108.1,+,Gm25500,59.0,mmu-mir-7650,+,non-coding gene,AAUCCUCUUGCAACCCAGAACUCAUUGCUCAGUAUGAGUUUUGAUAUAUACAAGAAGGA
NM_170777.4,-,Elof1,2325.0,mmu-mir-7084,-,protein-coding gene,GCUUCUAGAGGAUAGAGGUAGAGAGUGGCCAGCUGCUGCCAGCCUCUGACCCCUGUCCUCUGCACCACAG
NM_033320.5,-,Glce,65366.0,mmu-mir-5133,-,protein-coding gene,CGCCGAGAGGCUGGAGCUGCGGCAGCGCAGGCCUGGGCCGCCGUGUCUCUGCCGCUCGCUUCAGUUUUCCUCAGGGC
NR_162812.1,+,Gm51280,60.0,mmu-mir-1970c,+,non-coding gene,UGUGUCACUGGGGUUAUGCUUUGAGGUUUCUAACUCUCAAGCCGGGCCUAGUGACUCUCU
NR_162813.1,-,Gm51281,60.0,mmu-mir-12205,-,non-coding gene,UGUGUUUCCCAGUUGGUUUGAAAGAUGGUCAGCAUGUCAAACCAACUGGGAAACACAAAU
NR_162814.1,+,Gm51295,67.0,mmu-mir-12206,+,non-coding gene,UACUAUGCCUGGAAGGCACCAAGCUCUGCCUCUUGGCAGAAGUGGCUUCUGUUUGCAUAGUUAUGGC
XM_006511792.2,+,Dalrd3,5290.0,mmu-mir-425,+,protein-coding gene,AAAGUGCUUUGGAAUGACACGAUCACUCCCGUUGAGUGGGCACCCAAGAAGCCAUCGGGAAUGUCGUGUCCGCCCAGUGCUCUUU
XM_006511793.2,+,Dalrd3,5290.0,mmu-mir-191,+,protein-coding gene,AGCGGGCAACGGAAUCCCAAAAGCAGCUGUUGUCUCCAGAGCAUUCCAGCUGCACUUGGAUUUCGUUCCCUGCU
XM_006527989.4,+,Klhl15,45447.0,mmu-mir-7673,+,protein-coding gene,UUUGACUGAGAGGUAAGGAAUGAGUUAUACUGUGUUACUCAUUCCUUACCUCACCGUCAAAGGA
XM_006528943.3,+,Huwe1,134113.0,mmu-mir-3113,+,protein-coding gene,GGCCCUGGCCCGGGUCCUGGCCCUGGUCCGGGUCCUGGCCCUGGUCCUGGCCCUGGUCCUGGUCCUGGCCCUGGCC
NR_038184.1,-,C430049B03Rik,4079.0,mmu-mir-351,-,non-coding gene,CAUGGCACCUCCGUUUCCCUGAGGAGCCCUUUGAGCCUGGAGUGAAAAAAAAAAACAGGUCAAGAGGCGCCUGGGAACUGGAGAAGAGUGUUAAACUUC
NR_038184.1,-,C430049B03Rik,4079.0,mmu-mir-503,-,non-coding gene,UGCCCUAGCAGCGGGAACAGUACUGCAGUGAGUGUUUGGUGCCCUGGAGUAUUGUUUCCACUGCCUGGGUA
NR_038184.1,-,C430049B03Rik,4079.0,mmu-mir-322,-,non-coding gene,CCUCGUUGACUCCGAAGGGCUGCAGCAGCAAUUCAUGUUUUGGAGUAUUGCCAAGGUUCAAAACAUGAAGCGCUGCAACACCCCUUCGUGGGGAA
NM_146234.4,-,Mmgt1,12433.0,mmu-mir-5116,-,protein-coding gene,AUUUUGAUAGGAACCCCGCCUGAUGCUUUUUGGUUUGUUUCAGGCAGGGUCUUCAUAUCGAGA
NR_030718.1,+,F630028O10Rik,3717.0,mmu-mir-223,+,non-coding gene,UCUGGCCAUCUGCAGUGUCACGCUCCGUGUAUUUGACAAGCUGAGUUGGACACUCUGUGUGGUAGAGUGUCAGUUUGUCAAAUACCCCAAGUGUGGCUCAUGCCUAUCAG
NM_001290399.1,+,Cstf2,16688.0,mmu-mir-3112,+,protein-coding gene,CUAAAUGAACAGUGACAUAGAAAAGGCAGUCUGCAUUUAUUCUGGAGCUGCAGUUUGUCUCUUCUUUGUCUCUGUCAGUUGG
NM_001009575.5,+,Armcx5,4637.0,mmu-mir-7646,+,protein-coding gene,ACAAGAGAACUGAUCAGUGCUGAAGUAAUGUCCUCACUGGUCGCUCUCUUUCAC
NR_128564.1,+,Gm22650,105.0,mmu-mir-3552,+,non-coding gene,UGUGAAUCCAGCUGGUUCAAGGCUGCAGGCCCACUUCCCUUGGCAGAUUUUUCCAUUUCAGGGAGUGGGGAAAGUGGCCCUAAACCAUCAAAAUGGAUUAUACAU
NR_162774.1,+,Gm24627,83.0,mmu-mir-1911,+,non-coding gene,GCUGGGCAUCUGUUGAGUACAGCCAUGUCUGUUGGGCAUCUACAGUCUUCCACCAGGCAUUGUGGUCUCUGCUGACUCUCUGU
XM_006513740.4,+,Ppm1h,185889.0,mmu-mir-8104,+,protein-coding gene,CCGGAGUUCCUCGGGCUGUCUCAGGAUGAGGUGGAGUGCAGCGCAGACCACAUCGCCCGCCCCAUCCUCAUCCUCAAGGAGACCCGGCGGCUGCCCUGGGC
NM_001304720.1,-,Vezt,74221.0,mmu-mir-331,-,protein-coding gene,GAGUCUGGUUUUGUUUGGGUUUGUUCUAGGUAUGGUCCCAGGGAUCCCAGAUCAAACCAGGCCCCUGGGCCUAUCCUAGAACCAACCUAAACCCGU
XM_011243561.2,-,Tspan15,7131.0,mmu-mir-7662,-,protein-coding gene,AGGGCUGAGGCCUGGAUCCAGCAUACUGCUUCAGAGCUGGAGCCAGGCGGAUCAGCCUUGC
XM_017314013.2,+,Gm5134,55096.0,mmu-mir-6409,+,protein-coding gene,GACGAGCAAUAACAGCUAGCGCGCAUGCGUGGACCAGAGACAAAGCUGUCCCCGUGUUUACAAACUGUGCGGGUGAGGAUGUGUGCUCCUCU
NM_001077638.2,-,Prmt2,30640.0,mmu-mir-678,-,protein-coding gene,GUGGACUGUGACUUGCAGAGCUGUGCUCCAAUAUGAGAGAUGGCCAUGCACCCGUGUCUCGGUGCAAGGACUGGAGGUGGCAGU
NR_162778.1,+,Gm51266,69.0,mmu-mir-12180,+,non-coding gene,AGUGUUCCAGCAUGGAAGGGGAGGGGUUCCUGAGCUUGUGUCUUUAACCAAGGAGCUGUGGACACUUGA
NM_001113470.1,+,Ctdsp2,21259.0,mmu-mir-546,+,protein-coding gene,CCUCUCUUCCCAAAACUAAACAGGAUCUAUCAUGGUGGCACGGAGUCAGCUAGAUGUUGUCUCUUGCUAUCCCUGUGCUAGUUCCAUGUUUUAGAAGCAAAGUGAUACUGGGGAGGAGAGG
NM_001356531.3,-,Vmp1,87324.0,mmu-mir-21a,-,protein-coding gene,UGUACCACCUUGUCGGAUAGCUUAUCAGACUGAUGUUGACUGUUGAAUCUCAUGGCAACAGCAGUCGAUGGGCUGUCUGACAUUUUGGUAUC
XM_030246242.1,+,Rnf213,97052.0,mmu-mir-1932,+,protein-coding gene,GCAGGCAGCCGGUCCAGCCUGGCCCUGAGUCUCCGACCCCAUUAACUCUCGGGUUGCGGACAGCGCUAGGUCGGCCCUGCUCCCCAGCAA
NR_030711.1,+,Mir22hg,5152.0,mmu-mir-22,+,non-coding gene,ACCUGGCUGAGCCGCAGUAGUUCUUCAGUGGCAAGCUUUAUGUCCUGACCCAGCUAAAGCUGCCAGUUGAAGAACUGUUGCCCUCUGCCCCUGGC
XM_006534054.2,+,Tlcd1,4061.0,mmu-mir-7653,+,protein-coding gene,UAAGGGGCGGACAGACAGACGGCAGGAAGGGUCAGCAUGCCCCUACUGUUCCACCCCGCCU
NR_162780.1,-,Gm51288,55.0,mmu-mir-12182,-,non-coding gene,UACAGCGCCAGCUGCCUAAUUGAUUGUCUCUGUUAAUUAGGCUCUGGAUCUGUGA
NM_009951.4,-,Igf2bp1,48782.0,mmu-mir-3063,-,protein-coding gene,GGCAUUUGGGCCUGGCUGGAGAUCAGGUUUGCACACUGUCUUGAGAACAAUGUUCCAGUGAGGAAUCCUGAUCUCUCGCCCCCAAUUGAGCC
XM_006534108.4,+,Cdk12,77045.0,mmu-mir-5119,+,protein-coding gene,CAGGGCUGGCCUAUGGGACAGAUACUAUAAGUCAUCUCAUCCUGGGGCUGGGUCUGC
XM_030245587.1,-,Hdac5,34415.0,mmu-mir-8101,-,protein-coding gene,CUCCGAAUGUUGUUGUUGGUGGCGGCGGCGAGCGGAGCCGGAGGAGCCGCCGCAAAGAUGGAGGAGCCGUCGAGGAGGCGCUGCCGCUGCUGUUGCCGCCGCUGCUGCCGC
XM_030246797.1,-,Rtl1,39519.0,mmu-mir-3544,-,protein-coding gene,AGAAAGGCAUCAUAUAGGAGCUGAAUGGCUGUGCAAUCAACUCCUGCAUGACGCCGUUCCC
XM_030246797.1,-,Rtl1,39519.0,mmu-mir-3071,-,protein-coding gene,GAACCCUCUGAAGACUCAUUUGAGACGAUGAUGGAGCUUAAGAAUCCAUCAUCAAAACAAAUGGAGUCCUCCGAGGGCUC
NM_134054.2,-,Sptssa,11199.0,mmu-mir-1892,-,protein-coding gene,UGGAUAUAUUUCUACUCUUGACCAAAGUUUUGUAAGAAACAAUACAGAAUUUGGGGACGGGAGGGAGGAUACUUUGAGAA
NR_162772.1,+,Gm51264,64.0,mmu-mir-9718,+,non-coding gene,GCCCGGUCUCUUUGCCUCCGGUUCUUAAACCAGUUGCUGACCUGGGUGGUGGUGAGGCCGGUGG
NR_028544.1,-,Scarna3b,124.0,mmu-mir-1843a,-,non-coding gene,GAAUAUGGAGGUCUCUGUCUGACUUAGAAUAGCUGGCUGAGUCUGAUCGUUCACCUCCAUACAAC
NR_162781.1,-,Gm51267,48.0,mmu-mir-12183,-,non-coding gene,GCUUCUUCUCUGUCCUGAGUAGGAGUGUUAGCGGGAGAGGAGCUGCUC
NR_028576.1,-,Scarna13,275.0,mmu-mir-3069,-,non-coding gene,CUUGGCAGUCAAGAUAUUGUUUAGCAGACGGAGCGGUUUCUGUUGGACACUAAGUACUGCCACAA
NR_027651.2,+,Meg3,27656.0,mmu-mir-1906-1,+,non-coding gene,GGACAUUAGGAGCAACCUCCUAGGGUUGUUGUGAGAAUUAAAUGAACUGCAGCAGCCUGAGGCAGGGCUGGGCAGAGACC
NR_027651.2,+,Meg3,27656.0,mmu-mir-770,+,non-coding gene,GCCACCUUCUGUGCCCCCAGCACCACGUGUCUGGGCCACGUGAGCAACGCCACGUGGGCCUGACGUGGAGCUGGGGCCGCAGGGGUCUGAUGGC
NR_002848.3,+,6430411K18Rik,1315.0,mmu-mir-433,+,non-coding gene,UGCCCGGGGAGAAGUACGGUGAGCCUGUCAUUAUUCAGAGAGGCUAGAUCCUCUGUGUUGAGAAGGAUCAUGAUGGGCUCCUCGGUGUUCUCCAGGUAGCGGCACCACACCAUGAAGGCAGCCC
NR_028265.1,+,Mirg,14478.0,mmu-mir-410,+,non-coding gene,GGGUACUUGAGGAGAGGUUGUCUGUGAUGAGUUCGCUUUAUUAAUGACGAAUAUAACACAGAUGGCCUGUUUUCAAUACCA
NR_162782.1,-,Gm51289,60.0,mmu-mir-203b,-,non-coding gene,AGUGGUCCUAAACAUUUCACAAUUGUGCUACAGAACUGUUGAACUGUCAAGAACCACUGG
NM_001289926.1,+,Aopep,337985.0,mmu-mir-23b,+,protein-coding gene,GGCUGCUUGGGUUCCUGGCAUGCUGAUUUGUGACUUGAGAUUAAAAUCACAUUGCCAGGGAUUACCACGCAACC
NM_001289926.1,+,Aopep,337985.0,mmu-mir-27b,+,protein-coding gene,AGGUGCAGAGCUUAGCUGAUUGGUGAACAGUGAUUGGUUUCCGCUUUGUUCACAGUGGCUAAGUUCUGCACCU
NM_001289926.1,+,Aopep,337985.0,mmu-mir-24-1,+,protein-coding gene,CUCCGGUGCCUACUGAGCUGAUAUCAGUUCUCAUUUCACACACUGGCUCAGUUCAGCAGGAACAGGAG
NR_151504.1,+,4930470G03Rik,6360.0,mmu-mir-1896,+,non-coding gene,AAGGCUUUCCCACACUCAUUACAGUGAUGUCUUUUGGAACGACCAUGGACUCUCUGAUGGUGGGUGAGGAGGAGGGCCCGA
NR_162773.1,+,Gm24195,83.0,mmu-mir-1271,+,non-coding gene,ACCCAGGUGAGUGCUUGGCACCUGGUAAGCACUCAGUAAGUAUUUGAUGAGUGCCUACUGUGUGCCAAGACAUUGUGCUGAGG
NR_152245.1,+,C130071C03Rik,19928.0,mmu-mir-9-2,+,non-coding gene,GUUGUUAUCUUUGGUUAUCUAGCUGUAUGAGUGUAUUGGUCUUCAUAAAGCUAGAUAACCGAAAGUAAAAAC
NR_162784.1,-,Gm51268,56.0,mmu-mir-9b-2,-,non-coding gene,UUCGGUUAUCUAGCUUUAUGAAGACCAAUACACUCAUACAGCUAGAUAACCAAAGA
XM_006519064.2,+,Wdfy2,123849.0,mmu-mir-8098,+,protein-coding gene,GCCGGCUUGCGGCUAGUGUGGCGGCGGUGUUGGUUUUGGAAGCCAGAGCGGGCACAUUCCCUGGACAGGCGGCAGGGCUAUGGUCGCUGGCUCCCAAAGGCCCGCUCCGCUUCGCAGCCCGAUCCUGAGCGCAAGCC
NM_001284399.1,-,Ddhd1,64973.0,mmu-mir-5131,-,protein-coding gene,GGCGGCGGCGUCGGAUGCGCGUGUGGCGGAAGCGCCGGCGGCAUGAACUACCCGGGCCGCGGCGCCCCACGGAGCCCCGAGCGUAACGGCCGC
NM_178668.3,-,Pde12,5730.0,mmu-mir-7672,-,protein-coding gene,CGGUGGACUUGACAGCGGGCGACUCUGGAUCUCUGAUCUCGUCGGCUGCCAGGUUCAUGUGG
NM_011186.1,-,Psmb5,3876.0,mmu-mir-686,-,protein-coding gene,GCCACAGCAGGUGCUUAUAUUGCUUCCCAGACGGUGAAGAAAGUAAUAGAGAUCAACCCGUACCUUCUGGGCACCAUGGCUGGGGGUGCAGCGGAUUGCAGCUUCUGGG
NR_162785.1,-,Gm51283,57.0,mmu-mir-12185,-,non-coding gene,CUUGGGGGCAGAGGUGGCACGGUGUUUGUUGUAACUCAGCCACUGUGUCCCCUCCUU
NR_040709.1,+,Mir124a-1hg,5847.0,mmu-mir-124-1,+,non-coding gene,AGGCCUCUCUCUCCGUGUUCACAGCGGACCUUGAUUUAAAUGUCCAUACAAUUAAGGCACGCGGUGAAUGCCAAGAAUGGGGCUG
NR_040709.1,+,Mir124a-1hg,5847.0,mmu-mir-3078,+,non-coding gene,ACUGGCAGACUGCCCCAAAGCCUAGACUGCAGCUACCUUGUAUUGUGCUUGGGGUUGCUGGGGUAGUCUUUAGGGGAAGCUGUUUGU
NM_177715.4,-,Kctd12,6057.0,mmu-mir-5130,-,protein-coding gene,CCUGGAGCGCGCGGGCGAGGCAGGCGCAGCGCACCGGGGCUCUCGUGGGCGCACUGCUGCGCGCUCGCACCGCGCGGCUCUCAG
NR_029382.1,+,Mir17hg,2339.0,mmu-mir-92a-1,+,non-coding gene,CUUUCUACACAGGUUGGGAUUUGUCGCAAUGCUGUGUUUCUCUGUAUGGUAUUGCACUUGUCCCGGCCUGUUGAGUUUGG
NM_144812.3,+,Tnrc6b,229774.0,mmu-mir-5113,+,protein-coding gene,UAGGGAUGGGACAGAGGAGGAGAGAGAUCCUGUUUAACUCACUGCAACACCAGGGUCACUCCCUCCUCUCUGCUCUCCCUGG
XM_030248827.1,-,Trps1,234665.0,mmu-mir-1907,-,protein-coding gene,CCCAGCCCCACUCCCCCUCGCUGUCUCUUGCUGGCUGAUUUUAAUUCUCUCCUACCGGGAGCAGCAGAGGAUCUGGAGGUGGCUGGACCC
NM_013923.2,-,Rnf19a,43214.0,mmu-mir-8097,-,protein-coding gene,UAUGGUGCUACUGAGCAUUUUCUUUUGGUAAACAAGGAAAAUGUCCGGGCUGCAGCCGUGUGCCGUCCGUCGUUUUCCUCGCUGCAUCCAUUAAUCUGCUUAGAGAACACUAGUGCCAG
NM_007781.3,-,Csf2rb2,23215.0,mmu-mir-7676-1,-,protein-coding gene,AGGGCAGUAUGAUGGCCUCUGAUUAUGUCACUCCUGGAGAUCCGGUGCUCACUCUGCCCACA
NM_001358854.1,+,Csf2rb,25202.0,mmu-mir-7676-2,+,protein-coding gene,AGGGCAGUAUGAUGGCCUCUGAUUAUGUCACUCCUGGAGAUCCGGUGCUCACUCUGCCCACA
NM_001104531.1,-,Cyp2d11,4869.0,mmu-mir-7684,-,protein-coding gene,UCUGGGAAGCCUGGGCAGCAGUGGGGCAACCAUGGAGCUGCUGACUGGGGCUGGCCUGUG
NR_162786.1,-,Gm51290,56.0,mmu-mir-12186,-,non-coding gene,AGGGACUCAGGCCUCUGUUGGUGCCACUUCCUCCAGCAGCUGGCCUGUGUCCCUGC
NR_110483.1,+,Lncppara,3752.0,mmu-let-7c-2,+,non-coding gene,ACGGCCUUUGGGGUGAGGUAGUAGGUUGUAUGGUUUUGGGCUCUGCCCCGCUCUGCGGUAACUAUACAAUCUACUGUCUUUCCUGAAGUGGCCGC
NR_110483.1,+,Lncppara,3752.0,mmu-let-7b,+,non-coding gene,GCAGGGUGAGGUAGUAGGUUGUGUGGUUUCAGGGCAGUGAUGUUGCCCCUCCGAAGAUAACUAUACAACCUACUGCCUUCCCUGA
XR_003951424.1,-,Dennd6b,16215.0,mmu-mir-6958,-,non-coding gene,GUGGGAGAAGAGGCUGCUGUGGGUGCCCCCAAGUCCGCUAGCUCAGCUCCUCAGCUGCCUCUUGCCAUCACAG
NM_001033441.3,+,Alg10b,6244.0,mmu-mir-7648,+,protein-coding gene,CCGCGUUCCGGGCUCGGCGCUCCGGGCUGCCCAGGGCUGGGCCCGGGACGCGG
NR_162787.1,+,Gm51296,62.0,mmu-mir-12187,+,non-coding gene,UAAGGGGAGAGGUGUGGUGUAGGACAGGGUCUCUCUAGUCUUUCAUUCACCUCUGCUCUUGC
XM_030249355.1,-,Dgcr8,35149.0,mmu-mir-1306,-,protein-coding gene,CAGUCUCCACCACCUCCCCUGCAAACGUCCAGUGAUGCAGAGGUAAUGGACGUUGGCUCUGGUGGUGAUGGACAGUCCG
XM_030249355.1,-,Dgcr8,35149.0,mmu-mir-3618,-,protein-coding gene,UAAGCUGAGUGCAUUGUGAUUUCCAAUAAUUGAGGCAGUGGUUCUAAAAGCUGUCUACAUUAAUGAAAAGAGCAAUGUGGCCAGCUUG
NR_162788.1,+,Gm51269,60.0,mmu-mir-1970b,+,non-coding gene,UAUGUCACUGGGCAUUGGCUUUGAGGUUUCAAAUGCUCAAGCCAGGCCCAGUGUCACUCU
NR_132106.1,+,Mir155hg,2223.0,mmu-mir-155,+,non-coding gene,CUGUUAAUGCUAAUUGUGAUAGGGGUUUUGGCCUCUGACUGACUCCUACCUGUUAGCAUUAACAG
XR_003952208.1,+,Spaca6,12978.0,mmu-mir-99b,+,non-coding gene,GGCACCCACCCGUAGAACCGACCUUGCGGGGCCUUCGCCGCACACAAGCUCGUGUCUGUGGGUCCGUGUC
XR_003952208.1,+,Spaca6,12978.0,mmu-let-7e,+,non-coding gene,CGCGCCCCCCGGGCUGAGGUAGGAGGUUGUAUAGUUGAGGAAGACACCCGAGGAGAUCACUAUACGGCCUCCUAGCUUUCCCCAGGCUGCGCC
XR_003952208.1,+,Spaca6,12978.0,mmu-mir-125a,+,non-coding gene,CUGGGUCCCUGAGACCCUUUAACCUGUGAGGACGUCCAGGGUCACAGGUGAGGUUCUUGGGAGCCUGG
XM_011246702.3,+,Srrm2,21601.0,mmu-mir-5125,+,protein-coding gene,CGCCUUGCAGUCUAAGGAGAGCCCCAUGCCUUUGGACAUGCUGUUCCUUCUGCCUGGGAUUUCCUUGUCUGCCUGGUGA
XR_385328.4,+,Clcn7,28723.0,mmu-mir-12188,+,non-coding gene,UAGAAGAGCUUUCGCUGGCCCAGACGUGAGGGCUGGCCCCCCAGCCUUGGACAGCAGUACCCCAGCCCCUCUGC
NR_157362.1,-,Stub1,2286.0,mmu-mir-3082,-,non-coding gene,GGACAGAGUGUGUGUGUCUGUGUGGAGACAGGAGUUGCCCACACAUGGCACUCAACUCUGCAGG
NR_105933.1,+,Gm27775,58.0,mmu-mir-6967-1,+,non-coding gene,AAAGGCAGGGAGGGAUAAAGACCAGUCACUAUGGAAACUCAUCUUUAUCUCUCCCCAG
NR_162790.1,+,Gm51291,57.0,mmu-mir-3083b,+,non-coding gene,AAGGCUGGGAAUGUUUCGGAGAUAUACAUAUAUAUCUCUGAAAUAUUCCCAGCCUUU
NR_128569.1,-,Gm27740,58.0,mmu-mir-6967-2,-,non-coding gene,AAAGGCAGGGAGGGAUAAAGACCAGUCACUAUGGAAACUCAUCUUUAUCUCUCCCCAG
XM_030249898.1,+,Ppp1r10,15497.0,mmu-mir-1894,+,protein-coding gene,UCUUUGUUCUCUCUCCCCUACCACCUGCCUCUUCCCUGCUGUGGAGCAGGCAAGGGAGAGGGUGAAGGGAGGGCCAGCCAG
NR_162791.1,-,Gm51284,57.0,mmu-mir-12189,-,non-coding gene,GUGUGACAUGGCAGUCGCCAUGGCCUUCCCCAGGACAUGGCCUGUACUCUCACACUA
NR_162792.1,-,Gm51270,72.0,mmu-mir-12190,-,non-coding gene,ACCUCAGUCUUUCUAAGCCUCAGCUGUGGAUGUGAGGUCCCUGGCAUUUGGGGCUGGAGAACUCUGGGGGAG
XM_006525524.4,-,Fam210a,39983.0,mmu-mir-7219,-,protein-coding gene,UGUGUUAGAGCUCAGGGUUGAGAUCAUGUGAUCUAUCCGGGUUUCUAACACACU
NM_027497.3,-,Epc1,54907.0,mmu-mir-1893,-,protein-coding gene,CCAGAGCGGAGAGGUAUCUGCUGCGCCUGAGAUGAGUAAACUGUCGUUUCGGGCGCGGGCGCUGGACGCCUCGAAGCCGCUGC
NM_001357457.1,+,Fam53c,14434.0,mmu-mir-12191,+,protein-coding gene,CGCCUUUUAAGGGCACCGUGGGGCGAACGGAGCGCUCAGAGCUGCUCCGGCCGCGGCCCAUGGAGCUGUAGGAGCCGCG
NM_001370767.1,+,Lcor,113480.0,mmu-mir-8091,+,protein-coding gene,UGGAGAUUUCCUUGUAGGGUGCUUGGAUUAGGUUAGGGGGAGGAGUGAGUGGUAAGCUGGUGGGAUGCUUCCAGUUCCCACCAGUUUAUAAUUCAUUCCGUUACUUUUCUGGUGGUGUUUUCAGUUUUCAAAGUUCACU
NM_009128.2,+,Scd2,13189.0,mmu-mir-5114,+,protein-coding gene,ACUGGAGACGGAAGCUGCAAGAGCGGCUGAGUGUGGGGUCUUGCAGUUCCUGUUCCAGAAG
XM_006526902.2,+,Tectb,12274.0,mmu-mir-6715,+,protein-coding gene,ACAGGCACCACAGGUUUGAGCAUUUUGAUUGAAUUGCCAAACCAGGCGUGCCUGUGG
NR_162795.1,-,Gm51271,50.0,mmu-mir-12192,-,non-coding gene,UGUGGGGUAUAGCUAGAAAGAGAGAUUUCUUUCUAGCUAUACCCCAGCAU
NM_019924.2,-,Rps6ka4,11544.0,mmu-mir-5046,-,protein-coding gene,UCCUAGCUCCCGCCACUGUGACCCCCUUACCUUUAGGAGCUCCGAUCCGGGAGCCUGGU
XM_017318209.2,-,Esrra,10733.0,mmu-mir-6990,-,protein-coding gene,GCUUGCCCAGGGUGAGUCAGGGCUCUCCUGUCAUCUGGGCCCCCUCCGGGCUCUGGGAGGCCGCCACUGGAGCCCUGCCUCUUCCUGGCAG
XM_011247115.3,+,2700081O15Rik,8151.0,mmu-mir-6991,+,protein-coding gene,AGCAGUGGAGAACAGGGACUGGGCCUGAUUGAUGGCACUCGCUCCAAGGCAGCCCUUUGUUCUUCUCCAG
XM_011247364.2,+,Zfp518a,23379.0,mmu-mir-8092,+,protein-coding gene,GCAGCGCGGCGCUCGGCUUUCCGGCAGUACCCGGAUGGAGGGGUAAUGGCCGCCAUCUGGGACUCGCAGGCAAUGGGGACCACGGCA
